Kingdom,Phylum,Class,Order,Familia,Genera,GID
Bacteria,Firmicutes,Clostridia,Clostridiales,Clostridiaceae,02d06,1
Bacteria,Planctomycetes,Planctomycetia,Pirellulales,Pirellulaceae,A17,2
Bacteria,Firmicutes,Bacilli,Lactobacillales,Aerococcaceae,Abiotrophia,3
Bacteria,Firmicutes,Clostridia,Clostridiales,Ruminococcaceae,Acetanaerobacterium,4
Bacteria,Firmicutes,Clostridia,Clostridiales,Ruminococcaceae,Acetivibrio,5
Bacteria,Firmicutes,Clostridia,Clostridiales,Eubacteriaceae,Acetobacterium,6
Bacteria,Proteobacteria,Betaproteobacteria,Burkholderiales,Alcaligenaceae,Achromobacter,7
Bacteria,Firmicutes,Clostridia,Clostridiales,Acidaminobacteraceae,Acidaminobacter,8
Bacteria,Proteobacteria,Gammaproteobacteria,Acidiferrobacterales ,Acidiferrobacteraceae,Acidibacter,9
Bacteria,Acidobacteria,Acidobacteria,Acidobacteriales,Acidobacteriaceae,Acidicapsa,10
Bacteria,Proteobacteria,Gammaproteobacteria,Acidiferrobacterales,Acidiferrobacteraceae,Acidiferrobacter,11
Bacteria,Proteobacteria,Alphaproteobacteria,Rhodospirillales,Acetobacteraceae,Acidiphilium,12
Bacteria,Proteobacteria,Alphaproteobacteria,Rhodospirillales,Acetobacteraceae,Acidisoma,13
Bacteria,Actinobacteria,Actinobacteria,Acidimicrobiales,Acidimicrobiaceae,Acidithrix,14
Bacteria,Acidobacteria,Acidobacteria,Acidobacteriales,Acidobacteriaceae,Acidobacterium ,15
Bacteria,Proteobacteria,Alphaproteobacteria,Rhodospirillales,Acetobacteraceae,Acidocella,16
Bacteria,Proteobacteria,Betaproteobacteria,Burkholderiales,Comamonadaceae,Acidovorax,17
Bacteria,Proteobacteria,Gammaproteobacteria,Pseudomonadales,Moraxellaceae,Acinetobacter,18
Bacteria,Proteobacteria,Alphaproteobacteria,Rhodobacterales,Rhodobacteraceae,Actibacterium,19
Bacteria,Proteobacteria,Gammaproteobacteria,Pasteurellales,Pasteurellaceae,Actinobacillus,20
Bacteria,Actinobacteria,Actinobacteria,Actinomycetales,Actinomycetaceae,Actinobacterium,21
Bacteria,Actinobacteria,Actinobacteria,Actinomycetales,Actinomycetaceae,Actinobacterium VeSm15,22
Bacteria,Actinobacteria,Actinobacteria,Actinomycetales,Actinomycetaceae,Actinomyces,23
Bacteria,Actinobacteria,Actinobacteria,Actinomycetales,Cellulomonadaceae,Actinotalea,24
Bacteria,Proteobacteria,Betaproteobacteria,Burkholderiales,Alcaligenaceae,Advenella,25
Bacteria,Proteobacteria,Alphaproteobacteria,Rhodospirillales,Rhodospirillaceae,AEGEAN-169 marine group,26
Bacteria,Firmicutes,Bacilli,Lactobacillales,Aerococcaceae,Aerococcus,27
Bacteria,Proteobacteria,Gammaproteobacteria,Aeromonadales,Aeromonadaceae,Aeromonas,28
Bacteria,Actinobacteria,Actinobacteria,Propionibacteriales,Propionibacteriaceae,Aestuariimicrobium,29
Bacteria,Proteobacteria,Alphaproteobacteria,Rhizobiales,Bradyrhizobiaceae,Afipia,30
Bacteria,Proteobacteria,Alphaproteobacteria,Rhodobacterales,Rhodobacteraceae,Agaricicola,31
Bacteria,Proteobacteria,Gammaproteobacteria,Pasteurellales,Pasteurellaceae,Aggregatibacter,32
Bacteria,Proteobacteria,Alphaproteobacteria,Rhizobiales,Rhizobiaceae,Agrobacterium,33
Bacteria,Actinobacteria,Actinobacteria,Actinomycetales,Microbacteriaceae,Agrococcus,34
Bacteria,Actinobacteria,Actinobacteria,Actinomycetales,Microbacteriaceae,Agromyces,35
Bacteria,Proteobacteria,Betaproteobacteria,Burkholderiales,Comamonadaceae,Albidiferax,36
Bacteria,Proteobacteria,Betaproteobacteria,Burkholderiales,Comamonadaceae,Albidiferax sp. 7A-189,37
Bacteria,Proteobacteria,Betaproteobacteria,Burkholderiales,Alcaligenaceae,Alcaligenes,38
Bacteria,Proteobacteria,Gammaproteobacteria,Oceanospirillales,Alcanivoracaceae,Alcanivorax,39
Bacteria,Proteobacteria,Betaproteobacteria,Burkholderiales,Comamonadaceae,Alicycliphilus,40
Bacteria,Firmicutes,Bacilli,Bacillales,Alicyclobacillaceae,Alicyclobacillus,41
Bacteria,Proteobacteria,Gammaproteobacteria,Alteromonadales,Chromatiaceae,Alishewanella,42
Bacteria,Firmicutes,Clostridia,Clostridiales,Eubacteriaceae,Alkalibacter,43
Bacteria,Firmicutes,Clostridia,Clostridiales,Clostridiaceae,Alkaliphilus,44
Bacteria,Proteobacteria,Gammaproteobacteria,Pseudomonadales,Moraxellaceae,Alkanindiges,45
Bacteria,Firmicutes,Bacilli,Lactobacillales,Carnobacteriaceae,Alloiococcus,46
Bacteria,Bacteroidetes,Bacteroidia,Bacteroidales,Prevotellaceae,Alloprevotella,47
Bacteria,Proteobacteria,Alphaproteobacteria,None specified,None specified,alpha proteobacterium,48
Bacteria,Proteobacteria,Alphaproteobacteria,None specified,None specified,alpha proteobacterium C0014(2010),49
Bacteria,Proteobacteria,Alphaproteobacteria,None specified,None specified,alpha proteobacterium KC-IT-F2,50
Bacteria,Proteobacteria,Alphaproteobacteria,None specified,None specified,alpha proteobacterium R-36935,51
Bacteria,Proteobacteria,Alphaproteobacteria,Sphingomonadales,Erythrobacteraceae,Altererythrobacter,52
Bacteria,Proteobacteria,Gammaproteobacteria,Alteromonadales,Alteromonadaceae,Alteromonas,53
Bacteria,Proteobacteria,Alphaproteobacteria,Rhodobacterales,Rhodobacteraceae,Amaricoccus,54
Bacteria,Proteobacteria,Betaproteobacteria,Burkholderiales,Alcaligenaceae,Amb_Tax,55
Bacteria,Ambiguous_taxa,Ambiguous_taxa,Ambiguous_taxa,Ambiguous_taxa,Amb_Tax,56
Bacteria,Bacteroidetes,Bacteroidetes BD2-2,Ambiguous_taxa,Ambiguous_taxa,Amb_Tax,57
Bacteria,Cyanobacteria,Chloroplast,Ambiguous_taxa,Ambiguous_taxa,Amb_Tax,58
Bacteria,Cyanobacteria,ML635J-21,Ambiguous_taxa,Ambiguous_taxa,Amb_Tax,59
Bacteria,Chloroflexi,KD4-96,Ambiguous_taxa,Ambiguous_taxa,Amb_Tax,60
Bacteria,Saccharibacteria,Ambiguous_taxa,Ambiguous_taxa,Ambiguous_taxa,Amb_Tax,61
Archea,Bathyarchaeota,Ambiguous_taxa,Ambiguous_taxa,Ambiguous_taxa,Amb_Tax,62
Bacteria,Marinimicrobia (SAR406 clade),Ambiguous_taxa,Ambiguous_taxa,Ambiguous_taxa,Amb_Tax,63
Bacteria,Chloroflexi,Thermomicrobia,JG30-KF-CM45,Ambiguous_taxa,Amb_Tax,64
Bacteria,Cyanobacteria,Melainabacteria,Obscuribacterales,Ambiguous_taxa,Amb_Tax,65
Bacteria,Proteobacteria,Alphaproteobacteria,Rhizobiales,Bradyrhizobiaceae,Amb_Tax,66
Bacteria,Firmicutes,Bacilli,Lactobacillales,Carnobacteriaceae,Amb_Tax,67
Bacteria,Actinobacteria,Actinobacteria,Micrococcales,Cellulomonadaceae,Amb_Tax,68
Bacteria,Proteobacteria,Betaproteobacteria,Burkholderiales,Comamonadaceae,Amb_Tax,69
Bacteria,Proteobacteria,Alphaproteobacteria,Sphingomonadales,Ellin6055,Amb_Tax,70
Bacteria,Cyanobacteria,Cyanobacteria,SubsectionI,FamilyI,Amb_Tax,71
Bacteria,Proteobacteria,Gammaproteobacteria,Xanthomonadales,JTB255 marine benthic group,Amb_Tax,72
Bacteria,Actinobacteria,Actinobacteria,Micrococcales,Micrococcaceae,Amb_Tax,73
Bacteria,Proteobacteria,Betaproteobacteria,Burkholderiales,Oxalobacteraceae,Amb_Tax,74
Bacteria,Proteobacteria,Alphaproteobacteria,Rhizobiales,Phyllobacteriaceae,Amb_Tax,75
Bacteria,Proteobacteria,Betaproteobacteria,Rhodocyclales,Rhodocyclaceae,Amb_Tax,76
Bacteria,Proteobacteria,Alphaproteobacteria,Sphingomonadales,Sphingomonadaceae,Amb_Tax,77
Bacteria,Aminicenantes,None specified,None specified,None specified,Aminicenantes bacterium,78
Bacteria,Firmicutes,Clostridia,Thermoanaerobacterales,Thermoanaerobacteraceae,Ammonifex,79
Bacteria,Firmicutes,Bacilli,Bacillales,Bacillaceae,Anaerobacillus,80
Bacteria,Firmicutes,Clostridia,Clostridiales,Tissierellaceae,Anaerococcus,81
Bacteria,Chloroflexi,Anaerolineae,Anaerolineales,Anaerolinaceae,Anaerolinea,82
Bacteria,Proteobacteria,Deltaproteobacteria,Myxococcales,Anaeromyxobacteraceae,Anaeromyxobacter,83
Bacteria,Proteobacteria,Alphaproteobacteria,Rhodobacterales,Rhodobacteraceae,Anaerospora,84
Bacteria,Firmicutes,Clostridia,Clostridiales,Lachnospiraceae,Anaerostipes,85
Bacteria,Firmicutes,Clostridia,Clostridiales,Mogibacteriaceae,Anaerovorax,86
Bacteria,Proteobacteria,Alphaproteobacteria,Rhizobiales,Xanthobacteraceae,Ancylobacter,87
Bacteria,Proteobacteria,Alphaproteobacteria,Rhizobiales,Rhodobiaceae,Anderseniella,88
Bacteria,Firmicutes,Bacilli,Bacillales,Bacillaceae,Anoxybacillus,89
Bacteria,Proteobacteria,Alphaproteobacteria,Rhizobiales,Hyphomicrobiaceae,Aquabacter,90
Bacteria,Proteobacteria,Betaproteobacteria,Burkholderiales,Comamonadaceae,Aquabacterium,91
Bacteria,Proteobacteria,Alphaproteobacteria,Rhizobiales,Phyllobacteriaceae,Aquamicrobium,92
Bacteria,Proteobacteria,Betaproteobacteria,Burkholderiales,Oxalobacteraceae,Aquaspirillum arcticum group,93
Bacteria,Proteobacteria,Alphaproteobacteria,Neisseriales,Alcaligenaceae,Aquaspirillum polymorphum,94
Bacteria,Proteobacteria,Gammaproteobacteria,Legionellales,Coxiellaceae,Aquicella,95
Bacteria,Proteobacteria,Gammaproteobacteria,Xanthomonadales,Rhodanobacteraceae,Aquimonas,96
Bacteria,Proteobacteria,Betaproteobacteria,Burkholderiales,Comamonadaceae,Aquincola,97
Bacteria,Actinobacteria,Actinobacteria,Micrococcales,Intrasporangiaceae,Aquipuribacter,98
Bacteria,Bacteroidetes,Sphingobacteriia,Sphingobacteriales,Chitinophagaceae,Arachidicoccus,99
Bacteria,Proteobacteria,Gammaproteobacteria,Xanthomonadales,Xanthomonadaceae,Arenimonas,100
Bacteria,Actinobacteria,Actinobacteria,Actinomycetales,Micrococcaceae,Arthrobacter,101
Bacteria,Proteobacteria,Alphaproteobacteria,Caulobacterales,Caulobacteraceae,Arthrospira,102
Bacteria,Proteobacteria,Alphaproteobacteria,Caulobacterales,Caulobacteraceae,Asticcacaulis,103
Bacteria,Actinobacteria,Coriobacteriia,Coriobacteriales,Atopobiaceae,Atopobium,104
Bacteria,Firmicutes,Bacilli,Lactobacillales,Carnobacteriaceae,Atopococcus,105
Bacteria,Firmicutes,Bacilli,Lactobacillales,Carnobacteriaceae,Atopostipes,106
Bacteria,Proteobacteria,Betaproteobacteria,Rhodocyclales,Zoogleaceae,Azoarcus,107
Bacteria,Proteobacteria,Betaproteobacteria,Rhodocyclales,Azonexaceae,Azonexus,108
Bacteria,Proteobacteria,Alphaproteobacteria,Rhizobiales,Xanthobacteraceae,Azorhizobium,109
Bacteria,Proteobacteria,Betaproteobacteria,Rhodocyclales,Rhodocyclaceae,Azospira,110
Bacteria,Proteobacteria,Alphaproteobacteria,Rhodospirillales,Rhodospirillaceae,Azospirillum,111
Bacteria,Proteobacteria,Gammaproteobacteria,Pseudomonadales,Pseudomonadaceae,Azotobacter,112
Bacteria,Firmicutes,Bacilli,Bacillales,Bacillaceae,Bacillus,113
Bacteria,Proteobacteria,Oligoflexia,Bacteriovoracales,Bacteriovoracaceae,Bacteriovorax,114
Bacteria,Firmicutes,Clostridia,Clostridiales,uncultured,bacterium enrichment culture clone ecb10,115
Bacteria,Firmicutes,Clostridia,Clostridiales,uncultured,bacterium enrichment culture clone ecb9,116
Bacteria,None specified,None specified,None specified,None specified,bacterium enrichment culture clone SRC_DSC20,117
Bacteria,None specified,None specified,None specified,None specified,bacterium ROME35Asa,118
Bacteria,None specified,None specified,None specified,None specified,bacterium SH1-4,119
Bacteria,None specified,None specified,None specified,None specified,bacterium TG161,120
Bacteria,Bacteroidetes,Bacteroidia,Bacteroidales,Bacteroidaceae,Bacteroides,121
Bacteria,Bacteroidetes,Bacteroidia,Bacteroidales,Bacteroidaceae,Bacteroidetes bacterium,122
Bacteria,Bacteroidetes,Bacteroidia,Bacteroidales,Porphyromonadaceae,Barnesiella,123
Bacteria,Proteobacteria,Alphaproteobacteria,Rhizobiales,None specified,Bauldia,124
Bacteria,Proteobacteria,Deltaproteobacteria,Bdellovibrionales,Bdellovibrionaceae,Bdellovibrio,125
Bacteria,Proteobacteria,Gammaproteobacteria,Thiotrichales,Thiotrichaceae,Beggiatoa,126
Bacteria,Proteobacteria,Alphaproteobacteria,Rhizobiales,Beijerinckiaceae,Beijerinckia,127
Bacteria,Chloroflexi,Anaerolineae,Anaerolineales,Anaerolinaceae,Bellilinea,128
Bacteria,Bacteroidetes,Flavobacteriia,Flavobacteriales,Flavobacteriaceae,Bergeyella,129
Bacteria,Proteobacteria,Betaproteobacteria,None specified,None specified,beta proteobacterium,130
Bacteria,Proteobacteria,Betaproteobacteria,None specified,None specified,beta proteobacterium LX29,131
Bacteria,Actinobacteria,Actinobacteria,Bifidobacteriales,Bifidobacteriaceae,Bifidobacterium,132
Bacteria,Proteobacteria,Deltaproteobacteria,Desulfovibrionales,Desulfovibrionaceae,Bilophila,133
Bacteria,Acidobacteria,Blastocatellia,Blastocatellales,Blastocatellaceae,Blastocatella,134
Bacteria,Actinobacteria,Actinobacteria,Geodermatophilales,Geodermatophilaceae,Blastococcus,135
Bacteria,Proteobacteria,Alphaproteobacteria,Sphingomonadales,Sphingomonadaceae,Blastomonas,136
Bacteria,Firmicutes,Clostridia,Clostridiales,Lachnospiraceae,Blautia,137
Bacteria,Proteobacteria,Betaproteobacteria,Burkholderiales,Alcaligenaceae,Bordetella,138
Bacteria,Proteobacteria,Alphaproteobacteria,Rhizobiales,Bradyrhizobiaceae,Bosea,139
Bacteria,Actinobacteria,Actinobacteria,Actinomycetales,Dermabacteraceae,Brachybacterium,140
Bacteria,Proteobacteria,Betaproteobacteria,Burkholderiales,Comamonadaceae,Brachymonas,141
Bacteria,Proteobacteria,Alphaproteobacteria,Rhizobiales,Bradyrhizobiaceae,Bradyrhizobiaceae bacterium,142
Bacteria,Proteobacteria,Alphaproteobacteria,Rhizobiales,Bradyrhizobiaceae,Bradyrhizobium,143
Bacteria,Firmicutes,Bacilli,Bacillales,Paenibacillaceae,Brevibacillus,144
Bacteria,Actinobacteria,Actinobacteria,Actinomycetales,Brevibacteriaceae,Brevibacterium,145
Bacteria,Proteobacteria,Alphaproteobacteria,Caulobacterales,Caulobacteraceae,Brevundimonas,146
Bacteria,Actinobacteria,Actinobacteria,Propionibacteriales,Propionibacteriaceae,Brooklawnia,147
Bacteria,Bacteroidetes,Flavobacteriia,Flavobacteriales,Cryomorphaceae,Brumimicrobium,148
Bacteria,Acidobacteria,Solibacteres,Solibacterales,Bryobacteraceae,Bryobacter,149
Bacteria,Bacteroidetes,Bacteroidia,Bacteroidales,Prolixibacteraceae,BSV13,150
Bacteria,Firmicutes,Clostridia,Clostridiales,Veillonellaceae,BSV43,151
Bacteria,Proteobacteria,Betaproteobacteria,oca12,BTEX-degrading bacterium enrichment culture,BTEX-degrading bacterium enrichment culture,152
Bacteria,Proteobacteria,Gammaproteobacteria,Enterobacteriales,Enterobacteriaceae,Buchnera,153
Bacteria,Firmicutes,Erysipelotrichi,Erysipelotrichales,Erysipelotrichaceae,Bulleidia,154
Bacteria,Proteobacteria,Betaproteobacteria,Burkholderiales,Burkholderiaceae,Burkholderia,155
Bacteria,Proteobacteria,Betaproteobacteria,Burkholderiales,Burkholderiaceae,Burkholderiales bacterium,156
Bacteria,Proteobacteria,Betaproteobacteria,Burkholderiales,Burkholderiaceae,Burkholderia-Paraburkholderia,157
Bacteria,Proteobacteria,Gammaproteobacteria,Enterobacteriales,Enterobacteriaceae,Buttiauxella,158
Bacteria,Firmicutes,Clostridia,Clostridiales,Lachnospiraceae,Butyrivibrio,159
Bacteria,Chloroflexi,Anaerolineae,Anaerolineales,Anaerolinaceae,C1_B004,160
Bacteria,Proteobacteria,Gammaproteobacteria,Cellvibrionales,Porticoccaceae,C1-B045,161
Bacteria,Proteobacteria,Alphaproteobacteria,Rickettsiales,Holosporaceae,Caedibacter,162
Bacteria,Proteobacteria,Betaproteobacteria,Burkholderiales,Comamonadaceae,Caenimonas,163
Bacteria,Firmicutes,Clostridia,Clostridiales,Caldicoprobacteraceae,Caldicoprobacter,164
Bacteria,Proteobacteria,Betaproteobacteria,Burkholderiales,Comamonadaceae,Caldimonas,165
Bacteria,Firmicutes,Clostridia,Clostridiales,Clostridiaceae,Caloramator,166
Bacteria,Cyanobacteria,Cyanobacteria,Nostocales,Rivulariaceae,Calothrix,167
Bacteria,Firmicutes,Clostridia,Clostridiales,Clostridiaceae,Caminicella,168
Bacteria,Proteobacteria,Epsilonproteobacteria,Campylobacterales,Campylobacteraceae,Campylobacter,169
Bacteria,None specified,None specified,None specified,None specified,candidate division TM6 bacterium GW2011_GWE2_42_60,170
Bacteria,Proteobacteria,Betaproteobacteria,Rhodocyclales,Rhodocyclaceae,Candidatus Accumulibacter,171
Bacteria,Actinobacteria,Actinobacteria,Actinomycetales,Microbacteriaceae,Candidatus Aquiluna,172
Bacteria,Tenericutes,Mollicutes,Entomoplasmatales,Entomoplasmataceae,Candidatus Bacilloplasma,173
Bacteria,Proteobacteria,Alphaproteobacteria,Holosporales,Candidatus Paracaedibacteraceae,Candidatus Captivus,174
Bacteria,None specified,None specified,None specified,None specified,Candidatus Cloacamonas,175
Bacteria,Proteobacteria,Gammaproteobacteria,Burkholderiales,Candidatus Competibacteraceae,Candidatus Competibacter,176
Bacteria,Firmicutes,Clostridia,Clostridiales,Peptococcaceae,Candidatus Desulforudis,177
Bacteria,NC10 phylum,Candidatus NC10,Candidatus Methylomirabilales,Candidatus Methylomirabilaceae,Candidatus Methylomirabilis,178
Bacteria,Parcubacteria,Candidatus Moranbacteria,Candidatus Moranbacteria bacterium GW2011_GWE2_35_2-,Candidatus Moranbacteria bacterium GW2011_GWE2_35_2-,Candidatus Moranbacteria bacterium GW2011_GWE2_35_2-,179
Bacteria,Proteobacteria,Betaproteobacteria,Nitrosomonadales,Gallionellaceae,Candidatus Nitrotoga,180
Bacteria,Proteobacteria,Alphaproteobacteria,Holosporales,Caedimonadaceae,Candidatus Nucleicultrix amoebiphila,181
Bacteria,Proteobacteria,Alphaproteobacteria,Holosporales,Candidatus Paracaedibacteraceae,Candidatus Odyssella,182
Bacteria,Peregrinibacteria,Candidatus Peribacteria,Candidatus Peribacter riflensis,Candidatus Peribacter riflensis,Candidatus Peribacter riflensis,183
Bacteria,Tenericutes,Mollicutes,Acholeplasmatales,Acholeplasmataceae,Candidatus Phytoplasma,184
Bacteria,Actinobacteria,Actinobacteria,Frankiales,Sporichthyaceae,Candidatus Planktophila,185
Bacteria,Proteobacteria,Betaproteobacteria,Brachyspirales,Borreliaceae,Candidatus Profftella,186
Bacteria,Chlamydiae,Chlamydiia,Parachlamydiales,Rhabdochlamydiaceae,Candidatus Rhabdochlamydi,187
Bacteria,Firmicutes,Clostridia,Clostridiales,Ruminococcaceae,Candidatus Soleaferrea,188
Bacteria,Acidobacteria,Solibacteres,Solibacterales,Solibacteraceae,Candidatus Solibacter,189
Bacteria,Proteobacteria,Betaproteobacteria,Burkholderiales,Comamonadaceae,Candidatus Symbiobacter,190
Bacteria,Verrucomicrobia,Spartobacteria,Xanthomonadales,Rhodanobacteraceae,Candidatus Xiphinematobacter,191
Bacteria,Bacteroidetes,Flavobacteriia,Flavobacteriales,Flavobacteriaceae,Capnocytophaga,192
Bacteria,Firmicutes,Clostridia,Clostridiales,Ruminococcaceae,Caproiciproducens,193
Bacteria,Firmicutes,Clostridia,Thermoanaerobacterales,Carboxydocellaceae,Carboxydocella,194
Bacteria,Proteobacteria,Gammaproteobacteria,Cardiobacteriales,Cardiobacteriaceae,Cardiobacterium,195
Bacteria,Proteobacteria,Gammaproteobacteria,Oceanospirillales,Halomonadaceae,Carnimonas,196
Bacteria,Firmicutes,Bacilli,Lactobacillales,Carnobacteriaceae,Carnobacterium,197
Bacteria,Proteobacteria,Alphaproteobacteria,Caulobacterales,Caulobacteraceae,Caulobacter,198
Bacteria,Proteobacteria,Gammaproteobacteria,Enterobacteriales,Enterobacteriaceae,Cedecea,199
Bacteria,Actinobacteria,Actinobacteria,Actinomycetales,Cellulomonadaceae,Cellulomonas,200
Bacteria,Actinobacteria,Actinobacteria,Actinomycetales,Promicromonosporaceae,Cellulosimicrobium,201
Bacteria,Bacteroidetes,Chitinophagia,Chitinophagales,Chitinophagaceae,Chitinophaga,202
Bacteria,Bacteroidetes,Chlorobi,Chlorobiales,Chlorobiaceae,Chlorobi bacterium,203
Bacteria,Chlorobi,Chlorobia,Chlorobiales,Chlorobiaceae,Chlorochromatium,204
Bacteria,Firmicutes,Clostridia,Clostridiales,Christensenellaceae,Christensenellaceae R-7 group,205
Bacteria,Bacteroidetes,Flavobacteriia,Flavobacteriales,Weeksellaceae,Chryseobacterium,206
Bacteria,Actinobacteria,Actinobacteria,Micrococcales,Microbacteriaceae,Chryseoglobus,207
Bacteria,Actinobacteria,Actinobacteria,Actinomycetales,Micrococcaceae,Citricoccus,208
Bacteria,Proteobacteria,Gammaproteobacteria,Enterobacteriales,Enterobacteriaceae,Citrobacter,209
Bacteria,Actinobacteria,Acidimicrobiia,Acidimicrobiales,Acidimicrobiaceae,CL500-29 marine group,210
Bacteria,Actinobacteria,Actinobacteria,Actinomycetales,Microbacteriaceae,Clavibacter,211
Bacteria,Bacteroidetes,Flavobacteriia,Flavobacteriales,Weeksellaceae,Cloacibacterium,212
Bacteria,Firmicutes,Clostridia,Clostridiales,Clostridiaceae,Clostridia bacterium,213
Bacteria,Firmicutes,Clostridia,Clostridiales,Clostridiaceae,Clostridium,214
Bacteria,Firmicutes,Clostridia,Clostridiales,Clostridiaceae 1,Clostridium sensu stricto,215
Bacteria,Firmicutes,Clostridia,Clostridiales,Clostridiaceae 1,Clostridium sensu stricto 1,216
Bacteria,Firmicutes,Clostridia,Clostridiales,Clostridiaceae 1,Clostridium sensu stricto 12,217
Bacteria,Firmicutes,Clostridia,Clostridiales,Clostridiaceae 1,Clostridium sensu stricto 13,218
Bacteria,Firmicutes,Clostridia,Clostridiales,Clostridiaceae 1,Clostridium sensu stricto 3,219
Bacteria,Firmicutes,Clostridia,Clostridiales,Clostridiaceae 1,Clostridium sensu stricto 5,220
Bacteria,Firmicutes,Clostridia,Clostridiales,Clostridiaceae 1,Clostridium sensu stricto 9,221
Bacteria,Proteobacteria,Gammaproteobacteria,Oceanospirillales,Halomonadaceae,Cobetia,222
Bacteria,Firmicutes,Bacilli,Bacillales,Paenibacillaceae,Cohnella,223
Bacteria,Actinobacteria,Coriobacteriia,Coriobacteriales,Coriobacteriaceae,Collinsella,224
Bacteria,Proteobacteria,Gammaproteobacteria,Alteromonadales,Colwelliaceae,Colwellia,225
Bacteria,Proteobacteria,Betaproteobacteria,Burkholderiales,Comamonadaceae,Comamonas,226
Bacteria,Firmicutes,Clostridia,Clostridiales,Lachnospiraceae,Coprococcus,227
Bacteria,Coprothermobacterota,Coprothermobacteria,Coprothermobacterales,Coprothermobacteraceae,Coprothermobacter,228
Bacteria,Actinobacteria,Actinobacteria,Actinomycetales,Corynebacteriaceae,Corynebacterium,229
Bacteria,Actinobacteria,Actinobacteria,Actinomycetales,Corynebacteriaceae,Corynebacterium 1,230
Bacteria,Proteobacteria,Gammaproteobacteria,Legionellales,Coxiellaceae,Coxiella,231
Bacteria,Proteobacteria,Gammaproteobacteria,Methylococcales,Crenotrichaceae,Crenothrix,232
Bacteria,Proteobacteria,Alphaproteobacteria,Sphingomonadales,Erythrobacteraceae,Croceicoccus,233
Bacteria,Actinobacteria,Actinobacteria,Micrococcales,Micrbacteriaceae,Cryobacterium,234
Bacteria,Proteobacteria,Betaproteobacteria,Burkholderiales,Oxalobacteraceae,Cupriavidus,235
Bacteria,Actinobacteria,Actinobacteria,Actinomycetales,Microbacteriaceae,Curtobacterium,236
Bacteria,Proteobacteria,Betaproteobacteria,Burkholderiales,Comamonadaceae,Curvibacter,237
Bacteria,Actinobacteria,Actinobacteria,Actinomycetales,Propionibacteriaceae,Cutibacterium,238
Bacteria,Cyanobacteria,Cyanobacteria,Chroococcales,Cyanobacteriaceae,Cyanobacterium,239
Bacteria,Cyanobacteria,Melainabacteria,Obscuribacterales,cyanobacterium TDX16,cyanobacterium TDX16,240
Bacteria,Bacteroidetes,Bacteroidetes,Cytophagales,Cytophagaceae,Cytophaga,241
Bacteria,Verrucomicrobia,Spartobacteria,Chthoniobacterales,Chthoniobacteraceae,DA101,242
Bacteria,Nitrospirae,Nitrospira,Nitrospirales,Thermodesulfovibrionaceae,DCE29,243
Bacteria,Proteobacteria,Betaproteobacteria,Rhodocyclales,Rhodocyclaceae,Dechlorobacter,244
Bacteria,Proteobacteria,Betaproteobacteria,Rhodocyclales,Rhodocyclaceae,Dechloromonas,245
Bacteria,Proteobacteria,Betaproteobacteria,Rhodocyclales,Rhodocyclaceae,Dechlorosoma,246
Bacteria,Proteobacteria,Betaproteobacteria,Neisseriales,Chromobacteriaceae,Deefgea,247
Bacteria,Proteobacteria,Alphaproteobacteria,Rhodospirillales,Rhodospirillaceae,Defluviicoccus,248
Bacteria,Chloroflexi,Dehalococcoidia,Dehalobacterales,Dehalobacteraceae,Dehalobacter,249
Bacteria,Firmicutes,Clostridia,Clostridiales,Peptococcaceae,Dehalobacter_Syntrophobotulus,250
Bacteria,Firmicutes,Clostridia,Clostridiales,Dehalobacteriaceae,Dehalobacterium,251
Bacteria,Chloroflexi,Dehalococcoidia,Dehalococcoidetes,Dehalogenimonadaceae,Dehalogenimonas ,252
Bacteria,Deinococcus-Thermus,Deinococci,Deinococcales,Deinococcaceae,Deinococcus,253
Bacteria,Proteobacteria,Betaproteobacteria,Burkholderiales,Comamonadaceae,Delftia,254
Bacteria,Proteobacteria,Betaproteobacteria,Nitrosomonadales,Sterolibacteriaceae,Denitratisoma,255
Bacteria,,,,,denitrifying bacterium enrichment culture clone NOB_0_E6,256
Bacteria,Actinobacteria,Actinobacteria,Micrococcales,Dermabacteraceae,Dermabacter,257
Bacteria,Proteobacteria,Betaproteobacteria,Burkholderiales,Alcaligenaceae,Derxia ,258
Bacteria,Firmicutes,Bacilli,Lactobacillales,Carnobacteriaceae,Desemzia,259
Bacteria,Proteobacteria,Deltaproteobacteria,Desulfobacterales,Desulfobacteraceae,Desulfatiglans,260
Bacteria,Firmicutes,Clostridia,Clostridiales,Peptococcaceae,Desulfitobacter,261
Bacteria,Firmicutes,Clostridia,Clostridiales,Peptococcaceae,Desulfitobacterium,262
Bacteria,Proteobacteria,Deltaproteobacteria,Syntrophobacterales,Syntrophaceae,Desulfobacca,263
Bacteria,Proteobacteria,Deltaproteobacteria,Desulfobacterales,Desulfobacteraceae,Desulfobacterium,264
Bacteria,Proteobacteria,Deltaproteobacteria,Desulfobacterales,Desulfobulbaceae,Desulfobulbus,265
Bacteria,Proteobacteria,Deltaproteobacteria,Desulfobacterales,Desulfobulbaceae,Desulfocapsa,266
Bacteria,Proteobacteria,Deltaproteobacteria,Desulfovibrionales,Desulfomicrobiaceae,Desulfomicrobium,267
Bacteria,Proteobacteria,Deltaproteobacteria,Syntrophobacterales,Syntrophaceae,Desulfomonile,268
Bacteria,Firmicutes,Clostridia,Clostridiales,Peptococcaceae,Desulfosporosinus,269
Bacteria,Firmicutes,Clostridia,Clostridiales,Peptococcaceae,Desulfotomaculum,270
Bacteria,Proteobacteria,Deltaproteobacteria,Desulfovibrionales,Desulfovibrionaceae,Desulfovibrio,271
Bacteria,Firmicutes,Bacilli,Bacillales,unclassified Bacillales,Desulfuribacillus,272
Bacteria,Firmicutes,Clostridia,Clostridiales,Peptococcaceae,Desulfurispora,273
Bacteria,Proteobacteria,Deltaproteobacteria,Desulfobacterales,Desulfobulbaceae,Desulfurivibrio,274
Bacteria,Proteobacteria,Deltaproteobacteria,Desulfuromonadales,unclassified Desulfuromonadales,Desulfuromonadales bacterium JN18_A94_J,275
Bacteria,Proteobacteria,Deltaproteobacteria,Desulfuromonadales,Desulfuromonadaceae,Desulfuromonas,276
Bacteria,Firmicutes,Clostridia,Natranaerobiales,Anaerobrancaceae,Dethiobacter,277
Bacteria,Firmicutes,Clostridia,Clostridiales,Tissierellaceae,Dethiosulfatibacter,278
Bacteria,Proteobacteria,Alphaproteobacteria,Rhizobiales,Hyphomicrobiaceae,Devosia,279
Bacteria,Firmicutes,Negativicutes,Veillonellales,Veillonellaceae,Dialister,280
Bacteria,Proteobacteria,Betaproteobacteria,Burkholderiales,Comamonadaceae,Diaphorobacter,281
Bacteria,Actinobacteria,Actinobacteria,Actinomycetales,Dietziaceae,Dietzia,282
Bacteria,Proteobacteria,Alphaproteobacteria,Rhodobacterales,Rhodobacteraceae,Dinoroseobacter,283
Bacteria,Proteobacteria,Gammaproteobacteria,Xanthomonadales,Xanthomonadaceae,Dokdonella,284
Bacteria,Firmicutes,Bacilli,Lactobacillales,Carnobacteriaceae,Dolosigranulum,285
Bacteria,Proteobacteria,Alphaproteobacteria,Rhodospirillales,Rhodospirillaceae,Dongia,286
Bacteria,Firmicutes,Clostridia,Clostridiales,Lachnospiraceae,Dorea,287
Bacteria,Proteobacteria,Betaproteobacteria,Burkholderiales,Oxalobacteraceae,Duganella,288
Bacteria,Bacteroidetes,Cytophagia,Cytophagales,Cytophagaceae,Dyadobacter,289
Bacteria,Bacteroidetes,Bacteroidia,Bacteroidales,Porphyromonadaceae,Dysgonomonas,290
Bacteria,Proteobacteria,Gammaproteobacteria,Chromatiales,Ectothiorhodospiraceae,Ectothiorhodospiraceae bacterium,291
Bacteria,Acidobacteria,Acidobacteriia,Acidobacteriales,Acidobacteriaceae,Edaphobacter,292
Bacteria,Firmicutes,Bacilli,Bacillales,Alicyclobacillaceae,Effusibacillus,293
Bacteria,Proteobacteria,Alphaproteobacteria,Rhodospirillales,Rhodospirillaceae,Elstera,294
Bacteria,Proteobacteria,Alphaproteobacteria,Rhodospirillales,Acetobacteraceae,Endobacter,295
Bacteria,Proteobacteria,Gammaproteobacteria,Pseudomonadales,Moraxellaceae,Enhydrobacter,296
Bacteria,Proteobacteria,Alphaproteobacteria,Rhizobiales,Rhizobiaceae,Ensifer,297
Bacteria,Actinobacteria,Actinobacteria,Micrococcales,Micrococcaceae,Enteractinococcus,298
Bacteria,Proteobacteria,Gammaproteobacteria,Enterobacteriales,Enterobacteriaceae,Enterobacter,299
Bacteria,Firmicutes,Bacilli,Lactobacillales,Enterococcaceae,Enterococcus,300
Bacteria,Actinobacteria,Coriobacteriia,Coriobacteriales,Coriobacteriaceae,Enterorhabdus,301
Bacteria,Firmicutes,Bacilli,Lactobacillales,Aerococcaceae,Eremococcus,302
Bacteria,Proteobacteria,Gammaproteobacteria,Enterobacteriales,Enterobacteriaceae,Erwinia,303
Bacteria,Firmicutes,Erysipelotrichia,Erysipelotrichales,Erysipelotrichaceae,Erysipelothrix,304
Bacteria,Proteobacteria,Alphaproteobacteria,Sphingomonadales,Erythrobacteraceae,Erythrobacter,305
Bacteria,Proteobacteria,Gammaproteobacteria,Enterobacteriales,Enterobacteriaceae,Escherichia-Shigella,306
Bacteria,Firmicutes,Clostridia,Clostridiales,Eubacteriaceae,Eubacteriaceae bacterium,307
Bacteria,Firmicutes,Clostridia,Clostridiales,Eubacteriaceae,Eubacterium brachy group,308
Bacteria,Firmicutes,Clostridia,Clostridiales,Ruminococcaceae,Eubacterium coprostanoligenes group,309
Bacteria,Proteobacteria,Betaproteobacteria,Burkholderiales,Comamonadaceae,Extensimonas,310
Bacteria,Firmicutes,Tissierellia,,,Ezakiella,311
Bacteria,Firmicutes,Clostridia,Clostridiales,Ruminococcaceae,Faecalibacterium,312
Bacteria,Firmicutes,Clostridia,Clostridiales,Family XIII,Family XIII UCG-002,313
Bacteria,Firmicutes,Clostridia,Clostridiales,Hungateiclostridiaceae,Fastidiosipila,314
Bacteria,Proteobacteria,Betaproteobacteria,Rhodocyclales,Azonexaceae,Ferribacterium,315
Bacteria,Proteobacteria,Betaproteobacteria,Nitrosomonadales,Gallionellaceae,Ferriphaselus,316
Bacteria,Proteobacteria,Betaproteobacteria,Ferritrophicales,Ferritrophicaceae,Ferritrophicum,317
Bacteria,Proteobacteria,Alphaproteobacteria,Rhodospirillales,Rhodospirillaceae,Ferrovibrio,318
Bacteria,Bacteroidetes,Chitinophagia,Chitinophagales,Chitinophagaceae,Ferruginibacter,319
Bacteria,Firmicutes,Clostridia,Clostridiales,Peptostreptococcaceae,Filifactor,320
Bacteria,Firmicutes,Tissierellia,Tissierellales,Peptoniphilaceae,Finegoldia,321
Bacteria,Bacteroidetes,Saprospirae,Saprospirales,Chitinophagaceae,Flavisolibacter,322
Bacteria,Bacteroidetes,Flavobacteriia,Flavobacteriales,Flavobacteriaceae,Flavobacterium,323
Bacteria,Bacteroidetes,Flavobacteriia,Flavobacteriales,Cryomorphaceae,Fluviicola,324
Bacteria,Firmicutes,Clostridia,Clostridiales,Clostridiaceae,Fonticella,325
Bacteria,Actinobacteria,Actinobacteria,Frankiales,Frankiaceae,Frankia,326
Bacteria,Actinobacteria,Actinobacteria,Actinomycetales,Nocardioidaceae,Friedmanniella,327
Bacteria,Actinobacteria,Actinobacteria,Micrococcales,Microbacteriaceae,Frigoribacterium,328
Bacteria,Firmicutes,Clostridia,Clostridiales,Acidaminobacteraceae,Fusibacter,329
Bacteria,Fusobacteria,Fusobacteriia,Fusobacteriales,Fusobacteriaceae,Fusobacterium,330
Bacteria,Actinobacteria,Rubrobacteria,Gaiellales,Gaiellaceae,Gaiella,331
Bacteria,Proteobacteria,Betaproteobacteria,Gallionellales,Gallionellaceae,Gallionella,332
Bacteria,Proteobacteria,Gammaproteobacteria,,,gamma proteobacterium,333
Bacteria,Firmicutes,Clostridia,Thermoanaerobacterales,Thermoanaerobacteraceae,Gelria,334
Bacteria,Firmicutes,Bacilli,Bacillales,Bacillales incertae sedis,Gemella,335
Bacteria,Planctomycetes,Planctomycetia,Gemmatales,Gemmataceae,Gemmata,336
Bacteria,Gemmatimonadetes,Gemmatimonadetes,Gemmatimonadales,Gemmatimonadaceae,Gemmatimonas,337
Bacteria,Proteobacteria,Alphaproteobacteria,Rhodobacterales,Rhodobacteraceae,Gemmobacter,338
Bacteria,Proteobacteria,Deltaproteobacteria,Desulfuromonadales,Geobacteraceae,Geobacter,339
Bacteria,Actinobacteria,Actinobacteria,Geodermatophilales,Geodermatophilaceae,Geodermatophilus,340
Bacteria,Actinobacteria,Actinobacteria,Actinomycetales,Bogoriellaceae,Georgenia,341
Bacteria,Proteobacteria,Betaproteobacteria,Nitrosomonadales,Sterolibacteriaceae,Georgfuchsia,342
Bacteria,Firmicutes,Clostridia,Clostridiales,Clostridiaceae,Geosporobacter_Thermotalea,343
Bacteria,Acidobacteria,Holophagae,Holophagales,Holophagaceae,Geothrix,344
Bacteria,Proteobacteria,Alphaproteobacteria,Rhodospirillales,Acetobacteraceae,Gluconacetobacter,345
Bacteria,Actinobacteria,Actinobacteria,Actinomycetales,Micrococcaceae,Glutamicibacter,346
Bacteria,Actinobacteria,Actinobacteria,Corynebacteriales,Nocardiaceae,Gordonia,347
Bacteria,Firmicutes,Clostridia,Clostridiales,Gracilibacteraceae,Gracilibacter,348
Bacteria,Firmicutes,Bacilli,Lactobacillales,Carnobacteriaceae,Granulicatella,349
Bacteria,Acidobacteria,Acidobacteriia,Acidobacteriales,Acidobacteriaceae,Granulicella,350
Bacteria,Proteobacteria,Gammaproteobacteria,Pasteurellales,Pasteurellaceae,Haemophilus,351
Bacteria,Proteobacteria,Deltaproteobacteria,Myxococcales,Kofleriaceae,Haliangium,352
Bacteria,Proteobacteria,Gammaproteobacteria,Cellvibrionales,Halieaceae,Haliea,353
Bacteria,Proteobacteria,Gammaproteobacteria,Oceanospirillales,Halomonadaceae,Halomonas,354
Bacteria,Proteobacteria,Gammaproteobacteria,Oceanospirillales,Halomonadaceae,Halomonas sp. RS-22,355
Bacteria,Tenericutes,Mollicutes,Haloplasmatales,Haloplasmataceae,Haloplasma,356
Bacteria,Proteobacteria,Gammaproteobacteria,Chromatiales,Halothiobacillaceae,Halothiobacillus,357
Bacteria,Proteobacteria,Gammaproteobacteria,Alteromonadales,Alteromonadaceae,HB2-32-21,358
Bacteria,Firmicutes,Tissierellia,Tissierellales,Peptoniphilaceae,Helcococcus,359
Bacteria,Proteobacteria,Betaproteobacteria,Burkholderiales,Oxalobacteraceae,Herbaspirillum,360
Bacteria,Firmicutes,Clostridia,Clostridiales,Lachnospiraceae,Herbinix,361
Bacteria,Proteobacteria,Betaproteobacteria,Burkholderiales,Oxalobacteraceae,Herminiimonas,362
Bacteria,Actinobacteria,Actinobacteria,Frankiales,Sporichthyaceae,hgcI clade,363
Bacteria,Proteobacteria,Alphaproteobacteria,Rhodobacterales,Hyphomonadaceae,Hirschia,364
Bacteria,Firmicutes,Erysipelotrichi,Erysipelotrichales,Erysipelotrichaceae,Holdemania,365
Bacteria,,,,,Holospora,366
Bacteria,Proteobacteria,Gammaproteobacteria,Alteromonadales,HTCC2188,HTCC,367
Bacteria,Actinobacteria,Actinobacteria,Micrococcales,Intrasporangiaceae,Humibacillus,368
Bacteria,Proteobacteria,Gammaproteobacteria,Xanthomonadales,Sinobacteraceae,Hydrocarboniphaga,369
Bacteria,Aquificae,Aquificae,Aquificales,Aquificaceae,Hydrogenobacter,370
Bacteria,Proteobacteria,Betaproteobacteria,Burkholderiales,Comamonadaceae,Hydrogenophaga,371
Bacteria,Bacteroidetes,Chitinophagia,Chitinophagales,Chitinophagaceae,Hydrotalea,372
Bacteria,Proteobacteria,Betaproteobacteria,Burkholderiales,Comamonadaceae,Hylemonella,373
Bacteria,Bacteroidetes,Cytophagia,Cytophagales,Hymenobacteraceae,Hymenobacter,374
Bacteria,Proteobacteria,Alphaproteobacteria,Rhizobiales,Hyphomicrobiaceae,Hyphomicrobium,375
Bacteria,Proteobacteria,Alphaproteobacteria,Rhodobacterales,Hyphomonadaceae,Hyphomonas,376
Bacteria,Actinobacteria,Acidimicrobiia,Acidimicrobiales,Iamiaceae,Iamia,377
Bacteria,Proteobacteria,Betaproteobacteria,Burkholderiales,,Inhella,378
Bacteria,Firmicutes,Clostridia,Clostridiales,Peptostreptococcaceae,Intestinibacter,379
Bacteria,Proteobacteria,Betaproteobacteria,Neisseriales,Chromobacteriaceae,Iodobacter,380
Bacteria,,,,,iron-reducing bacterium enrichment culture clone FeC_1_E2,381
Bacteria,,,,,iron-reducing bacterium enrichment culture clone HN17,382
Bacteria,Actinobacteria,Actinobacteria,Micrococcales,Intrasporangiaceae,Janibacter,383
Bacteria,Proteobacteria,Betaproteobacteria,Burkholderiales,Oxalobacteraceae,Janthinobacterium,384
Bacteria,Proteobacteria,Betaproteobacteria,Rhodocyclales,Rhodocyclaceae,K82,385
Bacteria,Proteobacteria,Alphaproteobacteria,Rhizobiales,Rhizobiaceae,Kaistia,386
Bacteria,Proteobacteria,Alphaproteobacteria,Sphingomonadales,Sphingomonadaceae,Kaistobacter,387
Bacteria,Proteobacteria,Gammaproteobacteria,Oceanospirillales,Kangiellaceae,Kangiella,388
Bacteria,Proteobacteria,Betaproteobacteria,Rhodocyclales,Rhodocyclaceae,KD1-23,389
Bacteria,Proteobacteria,Gammaproteobacteria,Enterobacteriales,Enterobacteriaceae,Klebsiella,390
Bacteria,Proteobacteria,Gammaproteobacteria,Enterobacteriales,Enterobacteriaceae,Kluyvera,391
Bacteria,Actinobacteria,Actinobacteria,Micrococcales,Intrasporangiaceae,Knoellia,392
Bacteria,Actinobacteria,Actinobacteria,Actinomycetales,Micrococcaceae,Kocuria,393
Bacteria,Actinobacteria,Actinobacteria,Actinomycetales,Intrasporangiaceae,Kytococcus,394
Bacteria,Proteobacteria,Alphaproteobacteria,Rhizobiales,Xanthobacteraceae,Labrys,395
Bacteria,Firmicutes,Clostridia,Clostridiales,Lachnospiraceae,Lachnoanaerobaculum,396
Bacteria,Firmicutes,Clostridia,Clostridiales,Lachnospiraceae,Lachnoclostridium,397
Bacteria,Firmicutes,Clostridia,Clostridiales,Lachnospiraceae,Lachnoclostridium 5,398
Bacteria,Firmicutes,Clostridia,Clostridiales,Lachnospiraceae,Lachnospira,399
Bacteria,Firmicutes,Clostridia,Clostridiales,Lachnospiraceae,Lachnospiraceae NC2004 group,400
Bacteria,Bacteroidetes,Chitinophagia,Chitinophagales,Chitinophagaceae,Lacibacter,401
Bacteria,Firmicutes,Bacilli,Lactobacillales,Lactobacillaceae,Lactobacillus,402
Bacteria,Firmicutes,Bacilli,Lactobacillales,Streptococcaceae,Lactococcus,403
Bacteria,Proteobacteria,Betaproteobacteria,Burkholderiales,Burkholderiaceae,Lautropia,404
Bacteria,Actinobacteria,Actinobacteria,Corynebacteriales,,Lawsonella,405
Bacteria,Bacteroidetes,Cytophagia,Cytophagales,Cytophagaceae,Leadbetterella,406
Bacteria,Proteobacteria,Betaproteobacteria,Neisseriales,Chromobacteriaceae,Leeia,407
Bacteria,Proteobacteria,Gammaproteobacteria,Legionellales,Legionellaceae,Legionella,408
Bacteria,,,,,Legionella-like amoebal pathogen HT99,409
Bacteria,Actinobacteria,Actinobacteria,Micrococcales,Microbacteriaceae,Leifsonia,410
Bacteria,Chloroflexi,Anaerolineae,Anaerolineales,Anaerolineaceae,Leptolinea,411
Bacteria,Cyanobacteria,Cyanobacteria,Synechococcales,Leptolyngbyaceae,Leptolyngbya,412
Bacteria,Spirochaetes,Spirochaetia,Leptospirales,Leptospiraceae,Leptonema,413
Bacteria,Spirochaetes,Spirochaetia,Leptospirales,Leptospiraceae,Leptospira,414
Bacteria,Nitrospirae,Nitrospira,Nitrospirales,Nitrospiraceae,Leptospirillum,415
Bacteria,Proteobacteria,Betaproteobacteria,Burkholderiales,Comamonadaceae,Leptothrix,416
Bacteria,Fusobacteria,Fusobacteriia,Fusobacteriales,Leptotrichiaceae,Leptotrichia,417
Bacteria,Actinobacteria,Actinobacteria,Actinomycetales,Microbacteriaceae,Leucobacter,418
Bacteria,Chloroflexi,Anaerolineae,Anaerolineales,Anaerolineaceae,Levilinea,419
Bacteria,Proteobacteria,Betaproteobacteria,Burkholderiales,Burkholderiaceae,Limnobacter,420
Bacteria,Proteobacteria,Betaproteobacteria,Burkholderiales,Comamonadaceae,Limnohabitans,421
Bacteria,Chloroflexi,Anaerolineae,Anaerolineales,Anaerolineaceae,Longilinea,422
Bacteria,Proteobacteria,Gammaproteobacteria,Xanthomonadales,Rhodanobacteraceae,Luteibacter,423
Bacteria,Proteobacteria,Gammaproteobacteria,Xanthomonadales,Xanthomonadaceae,Luteimonas,424
Bacteria,Firmicutes,Clostridia,Clostridiales,Clostridiaceae,Lutispora,425
Bacteria,Cyanobacteria,Cyanobacteria,Oscillatoriales,Oscillatoriaceae,Lyngbya,426
Bacteria,Firmicutes,Bacilli,Bacillales,Bacillaceae,Lysinibacillus,427
Bacteria,Actinobacteria,Actinobacteria,Micrococcales,Microbacteriaceae,Lysinimonas,428
Bacteria,Proteobacteria,Gammaproteobacteria,Xanthomonadales,Xanthomonadaceae,Lysobacter,429
Bacteria,Proteobacteria,Alphaproteobacteria,Rhodospirillales,Rhodospirillaceae,Magnetospirillum,430
Bacteria,,,,,marine group,431
Bacteria,Proteobacteria,Gammaproteobacteria,Alteromonadales,Alteromonadaceae,Marinobacter,432
Bacteria,Proteobacteria,Gammaproteobacteria,Oceanospirillales,Oceanospirillaceae,Marinomonas,433
Bacteria,Proteobacteria,Zetaproteobacteria,Mariprofundales,Mariprofundaceae,Mariprofundus,434
Bacteria,Actinobacteria,Actinobacteria,Actinomycetales,Microbacteriaceae,Marisediminicola,435
Bacteria,Actinobacteria,Actinobacteria,Propionibacteriales,Nocardioidaceae,Marmoricola,436
Bacteria,Proteobacteria,Betaproteobacteria,Burkholderiales,Oxalobacteraceae,Massilia,437
Bacteria,Proteobacteria,Alphaproteobacteria,Rhizobiales,Phyllobacteriaceae,Mesorhizobium,438
Bacteria,Proteobacteria,Alphaproteobacteria,Rhizobiales,Phyllobacteriaceae,Mesorhizobium sp. B7,439
Archaea,Euryarchaeota,Methanobacteria,Methanobacteriales,Methanobacteriaceae,Methanobacterium,440
Archaea,Euryarchaeota,Methanomicrobia,Methanomicrobiales,Methanoregulaceae,Methanoregula,441
Archaea,Euryarchaeota,Methanomicrobia,Methanosarcinales,Methanosaetaceae,Methanosaeta,442
Bacteria,Proteobacteria,Betaproteobacteria,Burkholderiales,Comamonadaceae,Methylibium,443
Bacteria,Proteobacteria,Gammaproteobacteria,Methylococcales,Methylococcaceae,Methylobacter,444
Bacteria,Proteobacteria,Alphaproteobacteria,Rhizobiales,Methylobacteriaceae,Methylobacterium,445
Bacteria,Proteobacteria,Alphaproteobacteria,Rhizobiales,Beijerinckiaceae,Methylocapsa,446
Bacteria,Proteobacteria,Alphaproteobacteria,Rhizobiales,Rhodobiaceae,Methyloceanibacter,447
Bacteria,Proteobacteria,Alphaproteobacteria,Rhizobiales,Beijerinckiaceae,Methylocella,448
Bacteria,Proteobacteria,Alphaproteobacteria,Rhizobiales,Methylocystaceae,Methylocystis,449
Bacteria,Proteobacteria,Gammaproteobacteria,Methylococcales,Methylococcaceae,Methylomicrobium,450
Bacteria,Proteobacteria,Gammaproteobacteria,Methylococcales,Methylococcaceae,Methylomonas,451
Bacteria,Proteobacteria,Gammaproteobacteria,Thiotrichales,Piscirickettsiaceae,Methylophaga,452
Bacteria,Proteobacteria,Betaproteobacteria,Nitrosomonadales,Methylophilaceae,Methylophilus,453
Bacteria,Proteobacteria,Alphaproteobacteria,Rhizobiales,Methylocystaceae,Methylosinus,454
Bacteria,Proteobacteria,Betaproteobacteria,Methylophilales,Methylophilaceae,Methylotenera,455
Bacteria,Proteobacteria,Betaproteobacteria,Rhodocyclales,Rhodocyclaceae,Methyloversatilis,456
Bacteria,Proteobacteria,Alphaproteobacteria,Rhizobiales,Beijerinckiaceae,Methylovirgula,457
Bacteria,Proteobacteria,Alphaproteobacteria,Alphaproteobacteria Incertae Sedis,Unknown Family,Micavibrio,458
Bacteria,Proteobacteria,Alphaproteobacteria,,,Micavibrio sp. EPC2,459
Bacteria,Actinobacteria,Actinobacteria,Actinomycetales,Microbacteriaceae,Microbacterium,460
Bacteria,Actinobacteria,Actinobacteria,Micrococcales,Microbacteriaceae,Microcella,461
Bacteria,Actinobacteria,Actinobacteria,Actinomycetales,Micrococcaceae,Micrococcus,462
Bacteria,Cyanobacteria,Cyanobacteria,Chroococcales,Microcystaceae,Microcystis,463
Bacteria,Actinobacteria,Actinobacteria,Propionibacteriales,Propionibacteriaceae,Microlunatus,464
Bacteria,Proteobacteria,Alphaproteobacteria,Rhizobiales,Methylobacteriaceae,Microvirga,465
Bacteria,Firmicutes,Clostridia,Clostridiales,Lachnospiraceae,Mobilitalea,466
Bacteria,Proteobacteria,Gammaproteobacteria,Pseudomonadales,Moraxellaceae,Moraxella,467
Bacteria,Proteobacteria,Deltaproteobacteria,Desulfobacterales,Desulfobulbaceae,MSBL7,468
Bacteria,Proteobacteria,Betaproteobacteria,Burkholderiales,Alcaligenaceae,MWH-UniP1 aquatic group,469
Bacteria,Actinobacteria,Actinobacteria,Actinomycetales,Mycobacteriaceae,Mycobacterium,470
Bacteria,Proteobacteria,Alphaproteobacteria,Caulobacterales,Caulobacteraceae,Mycoplana,471
Bacteria,Firmicutes,Clostridia,Clostridiales,Lachnospiraceae,Natranaerovirga,472
Bacteria,,,,,Naxibacter,473
Bacteria,Proteobacteria,Betaproteobacteria,Neisseriales,Neisseriaceae,Neisseria,474
Bacteria,Proteobacteria,Alphaproteobacteria,Rhizobiales,Methylobacteriaceae,Neomegalonema,475
Bacteria,Proteobacteria,Alphaproteobacteria,Rhizobiales,Rhizobiaceae,Neorhizobium,476
Bacteria,Actinobacteria,Actinobacteria,Micrococcales,Micrococcaceae,Nesterenkonia,477
Bacteria,Proteobacteria,Gammaproteobacteria,Xanthomonadales,Xanthomonadaceae,Nevskia,478
Bacteria,Bacteroidetes,Cytophagia,Cytophagales,Hymenobacteraceae,Nibribacter,479
Bacteria,Proteobacteria,Alphaproteobacteria,Rhizobiales,Phyllobacteriaceae,Nitratireductor,480
Bacteria,Proteobacteria,Alphaproteobacteria,Rhizobiales,Bradyrhizobiaceae,Nitrobacter,481
Bacteria,Proteobacteria,Gammaproteobacteria,Chromatiales,Chromatiaceae,Nitrosococcus,482
Bacteria,Proteobacteria,Betaproteobacteria,Nitrosomonadales,Nitrosomonadaceae,Nitrosomonas,483
Bacteria,Nitrospirae,Nitrospira,Nitrospirales,Nitrospiraceae,Nitrospira,484
Bacteria,Nitrospirae,Nitrospira,Nitrospirales,Nitrospiraceae,Nitrospirae bacterium,485
Bacteria,,,,,Nitrotoga,486
Bacteria,Actinobacteria,Actinobacteria,Actinomycetales,Nocardiaceae,Nocardia,487
Bacteria,Actinobacteria,Actinobacteria,Propionibacteriales,Nocardioidaceae,Nocardioides,488
Bacteria,Proteobacteria,Alphaproteobacteria,Rhizobiales,,Nordella,489
Bacteria,Proteobacteria,Betaproteobacteria,Burkholderiales,Oxalobacteraceae,Noviherbaspirillum,490
Bacteria,Proteobacteria,Alphaproteobacteria,Sphingomonadales,Sphingomonadaceae,Novosphingobium,491
Bacteria,Bacteroidetes,Bacteroidia,Flavobacteriales,Cryomorphaceae,NS10 marine group,492
Bacteria,Proteobacteria,Alphaproteobacteria,Rhodobacterales,Rhodobacteraceae,Oceanicola,493
Bacteria,Proteobacteria,Alphaproteobacteria,Rhodobacterales,Rhodobacteraceae,Oceaniovalibus,494
Bacteria,Proteobacteria,Alphaproteobacteria,Rhizobiales,Brucellaceae,Ochrobactrum,495
Bacteria,Bacteroidetes,Bacteroidia,Bacteroidales,Odoribacteraceae,Odoribacter,496
Bacteria,Actinobacteria,Actinobacteria,Actinomycetales,Cellulomonadaceae,Oerskovia,497
Bacteria,Proteobacteria,Oligoflexia,Oligoflexales,Oligoflexaceae,Oligoflexus,498
Bacteria,Proteobacteria,Alphaproteobacteria,Rhizobiales,Bradyrhizobiaceae,Oligotropha,499
Bacteria,Proteobacteria,Gammaproteobacteria,,,OM27 clade,500
Bacteria,Proteobacteria,Betaproteobacteria,Methylophilales,Methylophilaceae,OM43 clade,501
Bacteria,Proteobacteria,Gammaproteobacteria,Cellvibrionales,Halieaceae,OM60(NOR5) clade,502
Bacteria,PVC group,Verrucomicrobia,Opitutales,Opitutaceae,Opitutus,503
Bacteria,Firmicutes,Clostridia,Halanaerobiales,Halobacteroidaceae,Orenia,504
Bacteria,Firmicutes,Clostridia,Clostridiales,Lachnospiraceae,Oribacterium,505
Bacteria,Proteobacteria,Alphaproteobacteria,Rickettsiales,Rickettsiaceae,Orientia,506
Bacteria,Chloroflexi,Anaerolineae,Anaerolineales,Anaerolineaceae,Ornatilinea,507
Bacteria,Firmicutes,Clostridia,Clostridiales,Ruminococcaceae,Oscillibacter,508
Bacteria,Firmicutes,Clostridia,Clostridiales,Ruminococcaceae,Oscillospira,509
Bacteria,Proteobacteria,Betaproteobacteria,Burkholderiales,Comamonadaceae,Ottowia,510
Bacteria,Proteobacteria,Betaproteobacteria,Burkholderiales,Oxalobacteraceae,Oxalicibacterium,511
Bacteria,Firmicutes,Clostridia,Clostridiales,Clostridiaceae,Oxobacter,512
Bacteria,Actinobacteria,Actinobacteria,Actinomycetales,Micrococcaceae,Paenarthrobacter,513
Bacteria,Firmicutes,Bacilli,Bacillales,Paenibacillaceae,Paenibacillus,514
Bacteria,Actinobacteria,Actinobacteria,Actinomycetales,Micrococcaceae,Paeniglutamicibacter,515
Bacteria,Firmicutes,Bacilli,Bacillales,Planococcaceae,Paenisporosarcina,516
Bacteria,Proteobacteria,Alphaproteobacteria,Rhizobiales,Brucellaceae,Paenochrobactrum,517
Bacteria,Bacteroidetes,Bacteroidia,Bacteroidales,Porphyromonadaceae,Paludibacter,518
Bacteria,Acidobacteria,Solibacteres,Solibacterales,Solibacteraceae (Subgroup 3),Paludibaculum,519
Bacteria,Proteobacteria,Gammaproteobacteria,Nevskiales,Sinobacteraceae,Panacagrimonas,520
Bacteria,Proteobacteria,Betaproteobacteria,Burkholderiales,Burkholderiaceae,Pandoraea,521
Bacteria,Proteobacteria,Alphaproteobacteria,Rhizobiales,Hyphomicrobiaceae,Pannonibacter,522
Bacteria,Proteobacteria,Gammaproteobacteria,Enterobacteriales,Erwiniaceae,Pantoea,523
Bacteria,Bacteroidetes,Bacteroidia,Bacteroidales,Porphyromonadaceae,Parabacteroides,524
Bacteria,Proteobacteria,Alphaproteobacteria,Sphingomonadales,Sphingomonadaceae,Parablastomonas,525
Bacteria,Proteobacteria,Alphaproteobacteria,Rhodobacterales,Rhodobacteraceae,Paracoccus,526
Bacteria,Proteobacteria,Betaproteobacteria,Burkholderiales,Alcaligenaceae,Parapusillimonas,527
Bacteria,Proteobacteria,Betaproteobacteria,Burkholderiales,Sutterellaceae,Parasutterella,528
Bacteria,Proteobacteria,Alphaproteobacteria,Rhizobiales,Hyphomicrobiaceae,Parvibaculum,529
Bacteria,Proteobacteria,Alphaproteobacteria,Parvularculales,Parvularculaceae,Parvularcula,530
Bacteria,Proteobacteria,Betaproteobacteria,Burkholderiales,,Paucibacter,531
Bacteria,Proteobacteria,Betaproteobacteria,Burkholderiales,Burkholderiaceae,Paucimonas,532
Bacteria,Bacteroidetes,Sphingobacteriia,Sphingobacteriales,Sphingobacteriaceae,Pedobacter,533
Bacteria,Proteobacteria,Alphaproteobacteria,Rhizobiales,Hyphomicrobiaceae,Pedomicrobium,534
Bacteria,Proteobacteria,Deltaproteobacteria,Desulfuromonadales,Pelobacteraceae,Pelobacter,535
Bacteria,Chloroflexi,Anaerolineae,Anaerolineales,Anaerolineaceae,Pelolinea,536
Bacteria,Proteobacteria,Betaproteobacteria,Burkholderiales,Comamonadaceae,Pelomonas,537
Bacteria,Firmicutes,Negativicutes,Selenomonadales,Sporomusaceae,Pelosinus,538
Bacteria,Firmicutes,Clostridia,Clostridiales,Syntrophomonadaceae,Pelospora,539
Bacteria,Firmicutes,Clostridia,Clostridiales,Peptococcaceae,Pelotomaculum,540
Bacteria,Firmicutes,Clostridia,Clostridiales,Peptostreptococcaceae,Peptoclostridium,541
Bacteria,Firmicutes,Clostridia,Clostridiales,Peptococcaceae,Peptococcus,542
Bacteria,Firmicutes,Clostridia,Clostridiales,Tissierellaceae,Peptoniphilus,543
Bacteria,Proteobacteria,Oligoflexia,Bacteriovoracales,Bacteriovoracaceae,Peredibacter,544
Bacteria,Bacteroidetes,Bacteroidia,Bacteroidales,Porphyromonadaceae,Petrimonas,545
Bacteria,Proteobacteria,Alphaproteobacteria,Rhodospirillales,Rhodospirillaceae,Phaeospirillum,546
Bacteria,Firmicutes,Clostridia,Clostridiales,Veillonellaceae,Phascolarctobacterium,547
Bacteria,Proteobacteria,Deltaproteobacteria,Myxococcales,Phaselicystidaceae,Phaselicystis,548
Bacteria,Proteobacteria,Alphaproteobacteria,Caulobacterales,Caulobacteraceae,Phenylobacterium,549
Bacteria,Proteobacteria,Alphaproteobacteria,Burkholderiales,Alcaligenaceae,Phreatobacter,550
Bacteria,Actinobacteria,Actinobacteria,Actinomycetales,Intrasporangiaceae,Phycicoccus,551
Bacteria,Proteobacteria,Betaproteobacteria,Burkholderiales,Alcaligenaceae,Pigmentiphaga,552
Bacteria,Actinobacteria,Actinobacteria,Micromonosporales,Micromonosporaceae,Pilimelia,553
Bacteria,Planctomycetes,Planctomycetacia,Pirellulales,Pirellulaceae,Pir4 lineage,554
Bacteria,Proteobacteria,Betaproteobacteria,Burkholderiales,,Piscinibacter,555
Bacteria,Planctomycetes,Planctomycetia,Planctomycetales,Planctomycetaceae,Planctomyces,556
Bacteria,Firmicutes,Bacilli,Bacillales,Planococcaceae,Planomicrobium,557
Bacteria,Actinobacteria,Actinobacteria,Micrococcales,Microbacteriaceae,Plantibacter,558
Bacteria,Proteobacteria,Alphaproteobacteria,Rhizobiales,Methylocystaceae,Pleomorphomonas,559
Bacteria,Proteobacteria,Gammaproteobacteria,Enterobacteriales,Enterobacteriaceae,Pluralibacter,560
Bacteria,Proteobacteria,Betaproteobacteria,Burkholderiales,Comamonadaceae,Polaromonas,561
Bacteria,Proteobacteria,Alphaproteobacteria,Sphingomonadales,Sphingomonadaceae,Polymorphobacter,562
Bacteria,Proteobacteria,Betaproteobacteria,Burkholderiales,Oxalobacteraceae,Polynucleobacter,563
Bacteria,Proteobacteria,Alphaproteobacteria,Sphingomonadales,Erythrobacteraceae,Porphyrobacter,564
Bacteria,Bacteroidetes,Bacteroidia,Bacteroidales,Porphyromonadaceae,Porphyromonas,565
Bacteria,Bacteroidetes,Bacteroidia,Bacteroidales,Prevotellaceae,Prevotella,566
Bacteria,Bacteroidetes,Bacteroidia,Bacteroidales,Prevotellaceae,Prevotella 2,567
Bacteria,Bacteroidetes,Bacteroidia,Bacteroidales,Prevotellaceae,Prevotella 6,568
Bacteria,Bacteroidetes,Bacteroidia,Bacteroidales,Prevotellaceae,Prevotella 7,569
Bacteria,Cyanobacteria,Cyanobacteria,Synechococcales,Prochloraceae,Prochlorococcus,570
Bacteria,Bacteroidetes,Bacteroidia,Marinilabiliales,Prolixibacteraceae,Prolixibacter,571
Bacteria,Actinobacteria,Actinobacteria,Actinomycetales,Propionibacteriaceae,Propionibacterium,572
Bacteria,Actinobacteria,Actinobacteria,Propionibacteriales,Propionibacteriaceae,Propionicicella,573
Bacteria,Actinobacteria,Actinobacteria,Actinomycetales,Nocardioidaceae,Propionicimonas,574
Bacteria,Proteobacteria,Betaproteobacteria,Rhodocyclales,Rhodocyclaceae,Propionivibrio,575
Bacteria,Proteobacteria,Betaproteobacteria,Rhodocyclales,Rhodocyclaceae,Propionivibrio sp. TPP412,576
Bacteria,Verrucomicrobia,Verrucomicrobiae,Verrucomicrobiales,Verrucomicrobiaceae,Prosthecobacter,577
Bacteria,Firmicutes,Clostridia,Clostridiales,Clostridiaceae,Proteiniclasticum,578
Bacteria,Bacteroidetes,Bacteroidia,Bacteroidales,Porphyromonadaceae,Proteiniphilum,579
Bacteria,Proteobacteria,,,,Proteobacterium,580
Bacteria,Firmicutes,Erysipelotrichi,Erysipelotrichales,Erysipelotrichaceae,PSB-M-3,581
Bacteria,Proteobacteria,Betaproteobacteria,Burkholderiales,Comamonadaceae,Pseudacidovorax,582
Bacteria,Actinobacteria,Actinobacteria,Actinomycetales,Micrococcaceae,Pseudarthrobacter,583
Bacteria,Proteobacteria,Gammaproteobacteria,Vibrionales,Pseudoalteromonadaceae,Pseudoalteromonas,584
Bacteria,Actinobacteria,Actinobacteria,Actinomycetales,Microbacteriaceae,Pseudoclavibacter,585
Bacteria,Proteobacteria,Alphaproteobacteria,Rhizobiales,Xanthobacteraceae,Pseudolabrys,586
Bacteria,Proteobacteria,Gammaproteobacteria,Pseudomonadales,Pseudomonadaceae,Pseudomonas,587
Bacteria,Actinobacteria,Actinobacteria,Pseudonocardiales,Pseudonocardiaceae,Pseudonocardia,588
Bacteria,Proteobacteria,Betaproteobacteria,Burkholderiales,Comamonadaceae,Pseudorhodoferax,589
Bacteria,Proteobacteria,Gammaproteobacteria,Oceanospirillales,Oceanospirillaceae,Pseudospirillum,590
Bacteria,Proteobacteria,Gammaproteobacteria,Xanthomonadales,Xanthomonadaceae,Pseudoxanthomonas,591
Bacteria,Proteobacteria,Gammaproteobacteria,Pseudomonadales,Moraxellaceae,Psychrobacter,592
Bacteria,Proteobacteria,Betaproteobacteria,Burkholderiales,Alcaligenaceae,Pusillimonas,593
Bacteria,Proteobacteria,Alphaproteobacteria,Sphingomonadales,Erythrobacteraceae,Qipengyuania,594
Bacteria,Proteobacteria,Betaproteobacteria,Rhodocyclales,Azonexaceae,Quatrionicoccus,595
Bacteria,Proteobacteria,Betaproteobacteria,Burkholderiales,Oxalobacteraceae,Ralstonia,596
Bacteria,Proteobacteria,Betaproteobacteria,Burkholderiales,Comamonadaceae,Ramlibacter,597
Bacteria,Proteobacteria,Gammaproteobacteria,Xanthomonadales,Xanthomonadaceae,Rehaibacterium,598
Bacteria,Proteobacteria,Alphaproteobacteria,Rhodospirillales,Rhodospirillales Incertae Sedis,Reyranella,599
Bacteria,Proteobacteria,Gammaproteobacteria,Alteromonadales,Chromatiaceae,Rheinheimera,600
Bacteria,Proteobacteria,Betaproteobacteria,Burkholderiales,,Rhizobacter,601
Bacteria,Proteobacteria,Alphaproteobacteria,Rhizobiales,Rhizobiaceae,Rhizobium,602
Bacteria,Proteobacteria,Alphaproteobacteria,Micropepsales,Micropepsaceae,Rhizomicrobium,603
Bacteria,Proteobacteria,Alphaproteobacteria,Sphingomonadales,Sphingomonadaceae,Rhizorhapis,604
Bacteria,Proteobacteria,Alphaproteobacteria,Rhodobacterales,Rhodobacteraceae,Rhodanobacter,605
Bacteria,Proteobacteria,Alphaproteobacteria,Rhodobacterales,Rhodobacteraceae,Rhodobacter,606
Bacteria,Actinobacteria,Actinobacteria,Actinomycetales,Nocardiaceae,Rhodococcus,607
Bacteria,Proteobacteria,Betaproteobacteria,Rhodocyclales,Rhodocyclaceae,Rhodocyclaceae bacterium,608
Bacteria,Proteobacteria,Betaproteobacteria,Rhodocyclales,Rhodocyclaceae,Rhodocyclus,609
Bacteria,Bacteroidetes,Cytophagia,Cytophagales,Cytophagaceae,Rhodocytophaga,610
Bacteria,Proteobacteria,Betaproteobacteria,Burkholderiales,Comamonadaceae,Rhodoferax,611
Bacteria,Proteobacteria,Alphaproteobacteria,Rhizobiales,Hyphomicrobiaceae,Rhodomicrobium,612
Bacteria,Proteobacteria,Alphaproteobacteria,Rhizobiales,Hyphomicrobiaceae,Rhodoplanes,613
Bacteria,Proteobacteria,Alphaproteobacteria,Rhizobiales,Bradyrhizobiaceae,Rhodopseudomonas,614
Bacteria,Proteobacteria,Alphaproteobacteria,Rhodospirillales,Acetobacteraceae,Rhodovarius,615
Bacteria,Proteobacteria,Alphaproteobacteria,Rhodospirillales,Acetobacteraceae,Rhodovastum,616
Bacteria,Proteobacteria,Alphaproteobacteria,Rhodobacterales,Rhodobacteraceae,Rhodovulum,617
Bacteria,Bacteroidetes,Bacteroidia,Bacteroidales,Rikenellaceae,Rikenellaceae RC9 gut group,618
Bacteria,Proteobacteria,Alphaproteobacteria,Caulobacterales,Hyphomonadaceae,Robiginitomaculum,619
Bacteria,Firmicutes,Clostridia,Clostridiales,Peptostreptococcaceae,Romboutsia,620
Bacteria,Proteobacteria,Betaproteobacteria,Burkholderiales,Comamonadaceae,Roseateles,621
Bacteria,Firmicutes,Clostridia,Clostridiales,Lachnospiraceae,Roseburia,622
Bacteria,Proteobacteria,Alphaproteobacteria,Rhodobacterales,Rhodobacteraceae,Roseibacterium,623
Bacteria,Proteobacteria,Alphaproteobacteria,Rhodobacterales,Rhodobacteraceae,Roseicyclus,624
Bacteria,Proteobacteria,Alphaproteobacteria,Rhodospirillales,Acetobacteraceae,Roseococcus,625
Bacteria,Proteobacteria,Alphaproteobacteria,Rhodospirillales,Acetobacteraceae,Roseomonas,626
Bacteria,Proteobacteria,Alphaproteobacteria,Rhodobacterales,Rhodobacteraceae,Roseovarius,627
Bacteria,Actinobacteria,Actinobacteria,Actinomycetales,Micrococcaceae,Rothia,628
Bacteria,Proteobacteria,Alphaproteobacteria,Rhodobacterales,Rhodobacteraceae,Rubellimicrobium,629
Bacteria,Proteobacteria,Alphaproteobacteria,Rhodospirillales,Acetobacteraceae,Rubritepida,630
Bacteria,Proteobacteria,Betaproteobacteria,Burkholderiales,Comamonadaceae,Rubrivivax,631
Bacteria,Proteobacteria,Gammaproteobacteria,Pseudomonadales,Pseudomonadaceae,Rugamonas,632
Bacteria,Firmicutes,Clostridia,Clostridiales,Hungateiclostridiaceae,Ruminiclostridium,633
Bacteria,Firmicutes,Clostridia,Clostridiales,Hungateiclostridiaceae,Ruminiclostridium 1,634
Bacteria,Proteobacteria,Gammaproteobacteria,Aeromonadales,Succinivibrionaceae,Ruminobacter,635
Bacteria,Firmicutes,Clostridia,Clostridiales,Ruminococcaceae,Ruminococcaceae UCG-005,636
Bacteria,Firmicutes,Clostridia,Clostridiales,Ruminococcaceae,Ruminococcaceae UCG-014,637
Bacteria,Firmicutes,Clostridia,Clostridiales,Ruminococcaceae,Ruminococcus,638
Bacteria,Firmicutes,Bacilli,Bacillales,Planococcaceae,Rummeliibacillus,639
Bacteria,Firmicutes,Clostridia,Clostridiales,Clostridiaceae,Salimesophilobacter,640
Bacteria,Actinobacteria,Actinobacteria,Actinomycetales,Microbacteriaceae,Salinibacterium,641
Bacteria,Proteobacteria,Gammaproteobacteria,Enterobacteriales,Enterobacteriaceae,Salmonella,642
Bacteria,Proteobacteria,Alphaproteobacteria,Sphingomonadales,Sphingomonadaceae,Sandaracinobacter,643
Bacteria,Firmicutes,Clostridia,Clostridiales,Clostridiaceae,Sarcina,644
Bacteria,Planctomycetes,Planctomycetia,Planctomycetales,Planctomycetaceae,Schlesneria,645
Bacteria,Firmicutes,Clostridia,Clostridiales,Tissierellaceae,Sedimentibacter,646
Bacteria,Bacteroidetes,Saprospirae,Saprospirales,Chitinophagaceae,Sediminibacterium,647
Bacteria,None specified,None specified,None specified,None specified,SEEP-SRB1,648
Bacteria,Bacteroidetes,Saprospirae,Saprospirales,Chitinophagaceae,Segetibacter,649
Bacteria,Firmicutes,Clostridia,Halanaerobiales,Halobacteroidaceae,Selenihalanaerobacter,650
Bacteria,Firmicutes,Negativicutes,Selenomonadales,Selenomonadaceae,Selenomonas,651
Bacteria,Firmicutes,Negativicutes,Selenomonadales,Selenomonadaceae,Selenomonas 3,652
Bacteria,Firmicutes,Negativicutes,Selenomonadales,Selenomonadaceae,Selenomonas 4,653
Bacteria,Proteobacteria,Gammaproteobacteria,Enterobacteriales,Yersiniaceae,Serratia,654
Bacteria,Chloroflexi,Anaerolineae,Anaerolineales,Anaerolinaceae,SHD-231,655
Bacteria,Proteobacteria,Gammaproteobacteria,Alteromonadales,Shewanellaceae,Shewanella,656
Bacteria,Proteobacteria,Alphaproteobacteria,Rhizobiales,Rhizobiaceae,Shinella,657
Bacteria,Proteobacteria,Betaproteobacteria,Nitrosomonadales,Gallionellaceae,Sideroxydans,658
Bacteria,Proteobacteria,Gammaproteobacteria,Xanthomonadales,Xanthomonadaceae,Silanimonas,659
Bacteria,Proteobacteria,Betaproteobacteria,Burkholderiales,Comamonadaceae,Simplicispira,660
Bacteria,Spirochaetes,Leptospirae,Leptospirales,Sediment-4,SJA-88,661
Bacteria,Proteobacteria,Alphaproteobacteria,Rhodospirillales,Rhodospirillaceae,Skermanella,662
Bacteria,Firmicutes,Clostridia,Clostridiales,Clostridiaceae,SMB53,663
Bacteria,Proteobacteria,Deltaproteobacteria,Syntrophobacterales,Syntrophaceae,Smithella,664
Bacteria,Proteobacteria,Gammaproteobacteria,Enterobacteriales,Enterobacteriaceae,Sodalis,665
Bacteria,None specified,None specified,None specified,None specified,soil bacterium,666
Bacteria,Proteobacteria,Deltaproteobacteria,Myxococcales,Polyangiaceae,Sorangium,667
Bacteria,Bacteroidetes,Bacteroidia,bacteroidales,Rikenellaceae,SP3-e08,668
Bacteria,Proteobacteria,Betaproteobacteria,Burkholderiales,,Sphaerotilus,669
Bacteria,Bacteroidetes,Sphingobacteriia,Sphingobacteriales,Sphingobacteriaceae,Sphingobacterium,670
Bacteria,Proteobacteria,Alphaproteobacteria,Sphingomonadales,Sphingomonadaceae,Sphingobium,671
Bacteria,Proteobacteria,Alphaproteobacteria,Sphingomonadales,JG34-KF-161,Sphingomonadaceae bacterium Gsoil 690,672
Bacteria,Proteobacteria,Alphaproteobacteria,Sphingomonadales,Sphingomonadaceae,Sphingomonadaceae bacterium YLT33,673
Bacteria,Proteobacteria,Alphaproteobacteria,Sphingomonadales,Sphingomonadaceae,Sphingomonas,674
Bacteria,Proteobacteria,Alphaproteobacteria,Sphingomonadales,Sphingomonadaceae,Sphingomonas sp. SO11,675
Bacteria,Proteobacteria,Alphaproteobacteria,Sphingomonadales,Sphingomonadaceae,Sphingopyxis,676
Bacteria,Proteobacteria,Alphaproteobacteria,Sphingomonadales,Sphingomonadaceae,Sphingorhabdus,677
Bacteria,Proteobacteria,Alphaproteobacteria,Sphingomonadales,Sphingomonadaceae,Sphingosinicella,678
Bacteria,Spirochaetes,Spirochaetia,Spirochaetales,Spirochaetaceae,Spirochaeta,679
Bacteria,Bacteroidetes,Cytophagia,Cytophagales,Cytophagaceae,Sporocytophaga,680
Bacteria,Firmicutes,Negativicutes,Selenomonadales,Sporomusaceae,Sporomusa,681
Bacteria,Firmicutes,Bacilli,Bacillales,Planococcaceae,Sporosarcina,682
Bacteria,Firmicutes,Bacilli,Bacillales,Staphylococcaceae,Staphylococcus,683
Bacteria,Proteobacteria,Alphaproteobacteria,Rhizobiales,Xanthobacteraceae,Starkeya,684
Bacteria,Proteobacteria,Gammaproteobacteria,Xanthomonadales,Xanthomonadaceae,Stenotrophomonas,685
Bacteria,Proteobacteria,Gammaproteobacteria,Nevskiales,Sinobacteraceae,Steroidobacter,686
Bacteria,Firmicutes,Bacilli,Lactobacillales,Streptococcaceae,Streptococcus,687
Bacteria,Actinobacteria,Actinobacteria,Actinomycetales,Streptomycetaceae,Streptomyces,688
Bacteria,Firmicutes,Clostridia,Clostridiales,Ruminococcaceae,Subdoligranulum,689
Bacteria,Proteobacteria,Betaproteobacteria,Nitrosomonadales,Gallionellaceae,Sulfuricella,690
Bacteria,Proteobacteria,Epsilonproteobacteria,Campylobacterales,Helicobacteraceae,Sulfuricurvum,691
Bacteria,Proteobacteria,Betaproteobacteria,Hydrogenophilales,Hydrogenophilaceae,Sulfuriferula,692
Bacteria,Proteobacteria,Gammaproteobacteria,Acidiferrobacterales,Acidiferrobacteraceae,Sulfurifustis,693
Bacteria,Proteobacteria,Epsilonproteobacteria,Campylobacterales,Helicobacteraceae,Sulfurimonas,694
Bacteria,Proteobacteria,Betaproteobacteria,Rhodocyclales,Rhodocyclaceae,Sulfuritalea,695
Bacteria,Proteobacteria,Epsilonproteobacteria,Campylobacterales,Campylobacteraceae,Sulfurospirillum,696
Bacteria,Proteobacteria,Epsilonproteobacteria,,,Sulfurovum,697
Bacteria,Bacteroidetes,Bacteroidia,Marinilabiliales,Prolixibacteraceae,Sunxiuqinia ,698
Bacteria,Proteobacteria,Betaproteobacteria,Burkholderiales,Alcaligenaceae,Sutterella,699
Bacteria,Proteobacteria,Deltaproteobacteria,Desulfobacterales,Desulfobacteraceae,Sva0081 sediment group,700
Bacteria,Cyanobacteria,Cyanobacteria,Synechococcales,Synechococcaceae,Synechococcus,701
Bacteria,Proteobacteria,Deltaproteobacteria,Syntrophobacterales,Syntrophobacteraceae,Syntrophobacter,702
Bacteria,Firmicutes,Clostridia,Clostridiales,Syntrophomonadaceae,Syntrophomonas,703
Bacteria,Proteobacteria,Deltaproteobacteria,Syntrophobacterales,Syntrophorhabdaceae,Syntrophorhabdus,704
Bacteria,Proteobacteria,Deltaproteobacteria,Syntrophobacterales,Syntrophaceae,Syntrophus,705
Bacteria,Proteobacteria,Alphaproteobacteria,Rhodobacterales,Rhodobacteraceae,Tabrizicola,706
Bacteria,Proteobacteria,Gammaproteobacteria,Xanthomonadales,Rhodanobacteraceae,Tahibacter,707
Bacteria,Proteobacteria,Alphaproteobacteria,Rhizobiales,Bradyrhizobiaceae,Tardiphaga,708
Bacteria,Proteobacteria,Gammaproteobacteria,Legionellales,Legionellaceae,Tatlockia,709
Bacteria,Proteobacteria,Gammaproteobacteria,Enterobacteriales,Erwiniaceae,Tatumella,710
Bacteria,Proteobacteria,Betaproteobacteria,Burkholderiales,,Tepidicella,711
Bacteria,Proteobacteria,Betaproteobacteria,Burkholderiales,Comamonadaceae,Tepidimonas,712
Bacteria,Actinobacteria,Actinobacteria,Micrococcales,Intrasporangiaceae,Terrabacter,713
Bacteria,Bacteroidetes,Chitinophagia,Chitinophagales,Chitinophagaceae,Terrimonas,714
Bacteria,Actinobacteria,Actinobacteria,Actinomycetales,Propionibacteriaceae,Tessaracoccus,715
Bacteria,Actinobacteria,Actinobacteria,Actinomycetales,Intrasporangiaceae,Tetrasphaera,716
Bacteria,Proteobacteria,Betaproteobacteria,Rhodocyclales,Rhodocyclaceae,Thauera,717
Bacteria,Firmicutes,Bacilli,Bacillales,Family X,Thermicanus,718
Bacteria,Firmicutes,Clostridia,Clostridiales,Peptococcaceae,Thermincola,719
Bacteria,Firmicutes,Bacilli,Bacillales,Thermoactinomycetaceae,Thermoactinomyces,720
Bacteria,Acidobacteria,Thermoanaerobaculia,Thermoanaerobaculales,Thermoanaerobaculaceae,Thermoanaerobaculum,721
Bacteria,Actinobacteria,Actinobacteria,Streptosporangiales,Nocardiopsaceae,Thermobifida,722
Bacteria,Nitrospirae,Nitrospira,Nitrospirales,Nitrospiraceae,Thermodesulfovibrio,723
Bacteria,Proteobacteria,Gammaproteobacteria,Xanthomonadales,Xanthomonadaceae,Thermomonas,724
Bacteria,Thermi,Deinococci,Thermales,Thermaceae,Thermus,725
Bacteria,Proteobacteria,Gammaproteobacteria,Chromatiales,Thioalkalispiraceae,Thioalkalispira,726
Bacteria,Proteobacteria,Betaproteobacteria,Hydrogenophilales,Hydrogenophilaceae,Thiobacillus,727
Bacteria,Proteobacteria,Gammaproteobacteria,Thiotrichales,Thiotrichaceae,Thiothrix,728
Bacteria,Firmicutes,Clostridia,Clostridiales,Tissierellaceae,Tissierella_Soehngenia,729
Bacteria,Proteobacteria,Alphaproteobacteria,Rhodospirillales,Rhodospirillaceae,Tistrella,730
Bacteria,Spirochaetes,Spirochaetes,Spirochaetales,Spirochaetaceae,Treponema,731
Bacteria,Spirochaetes,Spirochaetes,Spirochaetales,Spirochaetaceae,Treponema 2,732
Bacteria,Firmicutes,Bacilli,Lactobacillales,Carnobacteriaceae,Trichococcus,733
Bacteria,Actinobacteria,Actinobacteria,Actinomycetales,Corynebacteriaceae,Turicella,734
Bacteria,Firmicutes,Bacilli,Turicibacterales,Turicibacteraceae,Turicibacter,735
Bacteria,Spirochaetes,Leptospirae,Leptospirales,Leptospiraceae,Turneriella,736
Bacteria,Proteobacteria,Betaproteobacteria,Rhodocyclales,Zoogloeaceae,Uliginosibacterium,737
Bacteria,Proteobacteria,Alphaproteobacteria,Rhodospirillales,Acetobacteraceae,uncultured,738
Bacteria,Proteobacteria,Betaproteobacteria,Burkholderiales,Alcaligenaceae,uncultured,739
Bacteria,Chloroflexi,Anaerolineae,Anaerolineales,Anaerolineaceae,uncultured,740
Bacteria,Proteobacteria,Alphaproteobacteria,Caulobacterales,Caulobacteraceae,uncultured,741
Bacteria,Bacteroidetes,Sphingobacteriia,Sphingobacteriales,Chitinophagaceae,uncultured,742
Bacteria,Firmicutes,Clostridia,Clostridiales,Christensenellaceae,uncultured,743
Bacteria,Proteobacteria,Gammaproteobacteria,Chromatiales,Chromatiaceae,uncultured,744
Bacteria,Firmicutes,Clostridia,Clostridiales,Clostridiaceae 1,uncultured,745
Bacteria,Firmicutes,Clostridia,Clostridiales,Clostridiaceae 4,uncultured,746
Bacteria,Proteobacteria,Betaproteobacteria,Burkholderiales,Comamonadaceae,uncultured,747
Bacteria,Proteobacteria,Deltaproteobacteria,Desulfobacterales,Desulfobacteraceae,uncultured,748
Bacteria,Proteobacteria,Alphaproteobacteria,Sphingomonadales,Erythrobacteraceae,uncultured,749
Bacteria,Firmicutes,Clostridia,Clostridiales,Family XI,uncultured,750
Bacteria,Firmicutes,Clostridia,Clostridiales,Family XIII,uncultured,751
Bacteria,Proteobacteria,Betaproteobacteria,Nitrosomonadales,Gallionellaceae,uncultured,752
Bacteria,Gemmatimonadetes,Gemmatimonadetes,Gemmatimonadales,Gemmatimonadaceae,uncultured,753
Bacteria,Firmicutes,Clostridia,Clostridiales,Gracilibacteraceae,uncultured,754
Bacteria,Proteobacteria,Gammaproteobacteria,Oceanospirillales,Halomonadaceae,uncultured,755
Bacteria,Proteobacteria,Betaproteobacteria,Hydrogenophilales,Hydrogenophilaceae,uncultured,756
Bacteria,Proteobacteria,Alphaproteobacteria,Rhizobiales,Hyphomicrobiaceae,uncultured,757
Bacteria,Firmicutes,Clostridia,Clostridiales,Lachnospiraceae,uncultured,758
Bacteria,Proteobacteria,Betaproteobacteria,Methylophilales,Methylophilaceae,uncultured,759
Bacteria,Proteobacteria,Betaproteobacteria,Nitrosomonadales,Nitrosomonadaceae,uncultured,760
Bacteria,Nitrospirae,Nitrospira,Nitrospirales,Nitrospiraceae,uncultured,761
Bacteria,Firmicutes,Clostridia,Clostridiales,Peptococcaceae,uncultured,762
Bacteria,Planctomycetes,Planctomycetacia,Planctomycetales,Planctomycetaceae,uncultured,763
Bacteria,Bacteroidetes,Bacteroidia,Bacteroidales,Porphyromonadaceae,uncultured,764
Bacteria,Actinobacteria,Actinobacteria,Propionibacteriales,Propionibacteriaceae,uncultured,765
Bacteria,Proteobacteria,Alphaproteobacteria,Rhodobacterales,Rhodobacteraceae,uncultured,766
Bacteria,Proteobacteria,Betaproteobacteria,Rhodocyclales,Rhodocyclaceae,uncultured,767
Bacteria,Proteobacteria,Alphaproteobacteria,Rhodospirillales,Rhodospirillaceae,uncultured,768
Bacteria,Firmicutes,Clostridia,Clostridiales,Ruminococcaceae,uncultured,769
Bacteria,Proteobacteria,Alphaproteobacteria,Sphingomonadales,Sphingomonadaceae,uncultured,770
Bacteria,Spirochaetae,Spirochaetes,Spirochaetales,Spirochaetaceae,uncultured,771
Bacteria,Proteobacteria,Deltaproteobacteria,Syntrophobacterales,Syntrophaceae,uncultured,772
Bacteria,Proteobacteria,Deltaproteobacteria,Syntrophobacterales,Syntrophobacteraceae,uncultured,773
Bacteria,Firmicutes,Clostridia,Clostridiales,Syntrophomonadaceae,uncultured,774
Bacteria,Firmicutes,Negativicutes,Selenomonadales,Veillonellaceae,uncultured,775
Bacteria,Actinobacteria,Acidimicrobiia,Acidimicrobiales,OM1 clade,uncultured actinobacterium,776
Bacteria,Proteobacteria,Alphaproteobacteria,Sphingomonadales,JG34-KF-161,uncultured alpha proteobacterium,777
Bacteria,Proteobacteria,Alphaproteobacteria,Sphingomonadales,SD04E11,uncultured alpha proteobacterium,778
Bacteria,Proteobacteria,Alphaproteobacteria,uncultured alpha proteobacterium,uncultured alpha proteobacterium,uncultured alpha proteobacterium,779
Bacteria,Aminicenantes,uncultured Aminicenantes bacterium,uncultured Aminicenantes bacterium,uncultured Aminicenantes bacterium,uncultured Aminicenantes bacterium,780
Archaea,Bathyarchaeota,uncultured archaeon,uncultured archaeon,uncultured archaeon,uncultured archaeon,781
Archaea,WSA2,20a-9,uncultured archaeon,uncultured archaeon,uncultured archaeon,782
Bacteria,Proteobacteria,Alphaproteobacteria,Sphingomonadales,AKIW852,uncultured bacterium,783
Bacteria,Ignavibacteriae,Ignavibacteria,Ignavibacteriales,BSV26,uncultured bacterium,784
Bacteria,Ignavibacteriae,Ignavibacteria,Ignavibacteriales,BSV40,uncultured bacterium,785
Bacteria,Proteobacteria,Gammaproteobacteria,Methylococcales,CABC2E06,uncultured bacterium,786
Bacteria,Proteobacteria,Betaproteobacteria,Burkholderiales,Comamonadaceae,uncultured bacterium,787
Bacteria,Proteobacteria,Alphaproteobacteria,Sphingomonadales,Ellin6055,uncultured bacterium,788
Bacteria,Nitrospirae,Nitrospira,Nitrospirales,FW13,uncultured bacterium,789
Bacteria,Proteobacteria,Alphaproteobacteria,Sphingomonadales,JG34-KF-161,uncultured bacterium,790
Bacteria,Proteobacteria,Gammaproteobacteria,Xanthomonadales,JTB255 marine benthic group,uncultured bacterium,791
Bacteria,Ignavibacteriae,Ignavibacteria,Ignavibacteriales,LD-RB-34,uncultured bacterium,792
Bacteria,Bacteroidetes,Bacteroidia,Bacteroidales,ML635J-40 aquatic group,uncultured bacterium,793
Bacteria,Proteobacteria,Gammaproteobacteria,Pseudomonadales,Moraxellaceae,uncultured bacterium,794
Bacteria,Actinobacteria,Acidimicrobiia,Acidimicrobiales,OM1 clade,uncultured bacterium,795
Bacteria,Firmicutes,Bacilli,Lactobacillales,P5D1-392,uncultured bacterium,796
Bacteria,Ignavibacteriae,Ignavibacteria,Ignavibacteriales,PHOS-HE36,uncultured bacterium,797
Bacteria,Spirochaetae,Spirochaetes,Spirochaetales,PL-11B10,uncultured bacterium,798
Bacteria,Proteobacteria,Betaproteobacteria,Rhodocyclales,Rhodocyclaceae,uncultured bacterium,799
Bacteria,Firmicutes,Clostridia,Thermoanaerobacterales,SRB2,uncultured bacterium,800
Bacteria,Ignavibacteriae,Ignavibacteria,Ignavibacteriales,SR-FBR-L83,uncultured bacterium,801
Bacteria,Actinobacteria,Thermoleophilia,Solirubrobacterales,TM146,uncultured bacterium,802
Bacteria,Firmicutes,Clostridia,Clostridiales,TSAC18,uncultured bacterium,803
Bacteria,Firmicutes,Clostridia,Clostridiales,uncultured,uncultured bacterium,804
Bacteria,Actinobacteria,Thermoleophilia,Gaiellales,uncultured,uncultured bacterium,805
Bacteria,Chloroflexi,Dehalococcoidia,GIF9,uncultured bacterium,uncultured bacterium,806
Bacteria,Proteobacteria,Betaproteobacteria,Hot Creek 32,uncultured bacterium,uncultured bacterium,807
Bacteria,Chloroflexi,Thermomicrobia,JG30-KF-CM45,uncultured bacterium,uncultured bacterium,808
Bacteria,Elusimicrobia,Elusimicrobia,Lineage IV,uncultured bacterium,uncultured bacterium,809
Bacteria,Actinobacteria,Actinobacteria,PeM15,uncultured bacterium,uncultured bacterium,810
Bacteria,Proteobacteria,Alphaproteobacteria,Rhodospirillales,uncultured bacterium,uncultured bacterium,811
Bacteria,Proteobacteria,Alphaproteobacteria,SAR11 clade,uncultured bacterium,uncultured bacterium,812
Bacteria,Acidobacteria,Holophagae,Subgroup 23,uncultured bacterium,uncultured bacterium,813
Bacteria,Proteobacteria,Deltaproteobacteria,Sva0485,uncultured bacterium,uncultured bacterium,814
Bacteria,Actinobacteria,MB-A2-108,uncultured bacterium,uncultured bacterium,uncultured bacterium,815
Bacteria,Saccharibacteria,uncultured bacterium,uncultured bacterium,uncultured bacterium,uncultured bacterium,816
Bacteria,Aminicenantes,uncultured bacterium,uncultured bacterium,uncultured bacterium,uncultured bacterium,817
Bacteria,Bacteroidetes,Bacteroidetes BD2-2,uncultured bacterium,uncultured bacterium,uncultured bacterium,818
Bacteria,Bacteroidetes,Bacteroidetes VC2.1 Bac22,uncultured bacterium,uncultured bacterium,uncultured bacterium,819
Bacteria,Bacteroidetes,WCHB1-32,uncultured bacterium,uncultured bacterium,uncultured bacterium,820
Bacteria,Cyanobacteria,Chloroplast,uncultured bacterium,uncultured bacterium,uncultured bacterium,821
Bacteria,Chloroflexi,KD4-96,uncultured bacterium,uncultured bacterium,uncultured bacterium,822
Bacteria,Gemmatimonadetes,BD2-11 terrestrial group,uncultured bacterium,uncultured bacterium,uncultured bacterium,823
Bacteria,TM6 (Dependentiae),uncultured bacterium,uncultured bacterium,uncultured bacterium,uncultured bacterium,824
Bacteria,Cyanobacteria,ML635J-21,uncultured bacterium,uncultured bacterium,uncultured bacterium,825
Bacteria,Acetothermia,uncultured bacterium,uncultured bacterium,uncultured bacterium,uncultured bacterium,826
Bacteria,Omnitrophica,uncultured bacterium,uncultured bacterium,uncultured bacterium,uncultured bacterium,827
Bacteria,Proteobacteria,ARKICE-90,uncultured bacterium,uncultured bacterium,uncultured bacterium,828
Bacteria,PAUC34f,uncultured bacterium,uncultured bacterium,uncultured bacterium,uncultured bacterium,829
Bacteria,Parcubacteria,Candidatus Moranbacteria,uncultured bacterium,uncultured bacterium,uncultured bacterium,830
Bacteria,Peregrinibacteria,uncultured bacterium,uncultured bacterium,uncultured bacterium,uncultured bacterium,831
Bacteria,Actinobacteria,OPB41,uncultured bacterium,uncultured bacterium,uncultured bacterium,832
Bacteria,Gracilibacteria,uncultured bacterium,uncultured bacterium,uncultured bacterium,uncultured bacterium,833
Bacteria,Microgenomates,Candidatus Levybacteria,uncultured bacterium,uncultured bacterium,uncultured bacterium,834
Bacteria,Microgenomates,Candidatus Woesebacteria,uncultured bacterium,uncultured bacterium,uncultured bacterium,835
Bacteria,WS2,uncultured bacterium,uncultured bacterium,uncultured bacterium,uncultured bacterium,836
Bacteria,Bacteroidetes,Bacteroidetes BD2-2,uncultured Bacteroidetes bacterium,uncultured Bacteroidetes bacterium,uncultured Bacteroidetes bacterium,837
Bacteria,Saccharibacteria,uncultured Candidatus Saccharibacteria bacterium,uncultured Candidatus Saccharibacteria bacterium,uncultured Candidatus Saccharibacteria bacterium,uncultured Candidatus Saccharibacteria bacterium,838
Bacteria,Proteobacteria,Gammaproteobacteria,Chromatiales,uncultured Chromatiales bacterium,uncultured Chromatiales bacterium,839
Bacteria,Firmicutes,Clostridia,Clostridiales,uncultured Clostridiales bacterium,uncultured Clostridiales bacterium,840
Bacteria,Cyanobacteria,Chloroplast,uncultured Cyanobacterium sp.,uncultured Cyanobacterium sp.,uncultured Cyanobacterium sp.,841
Bacteria,Cyanobacteria,Cyanobacteria,SubsectionI,FamilyI,uncultured Cyanobium sp.,842
Bacteria,Bacteroidetes,Bacteroidetes BD2-2,uncultured Cytophagales bacterium,uncultured Cytophagales bacterium,uncultured Cytophagales bacterium,843
Bacteria,Proteobacteria,Deltaproteobacteria,Sva0485,uncultured delta proteobacterium,uncultured delta proteobacterium,844
Bacteria,Firmicutes,Clostridia,Thermoanaerobacterales,SRB2,uncultured Firmicutes bacterium,845
Bacteria,Bacteroidetes,Bacteroidetes BD2-2,uncultured gamma proteobacterium,uncultured gamma proteobacterium,uncultured gamma proteobacterium,846
Bacteria,Microgenomates,Candidatus Curtissbacteria,uncultured Microgenomates group bacterium,uncultured Microgenomates group bacterium,uncultured Microgenomates group bacterium,847
Bacteria,Microgenomates,Candidatus Woesebacteria,uncultured Microgenomates group bacterium,uncultured Microgenomates group bacterium,uncultured Microgenomates group bacterium,848
Bacteria,Proteobacteria,Alphaproteobacteria,Rhizobiales,uncultured Rhizobiales bacterium,uncultured Rhizobiales bacterium,849
Bacteria,Proteobacteria,Alphaproteobacteria,Rhodospirillales,DA111,uncultured Roseospira sp.,850
Bacteria,Proteobacteria,Alphaproteobacteria,Sphingomonadales,JG34-KF-161,uncultured soil bacterium,851
Bacteria,Proteobacteria,Deltaproteobacteria,43F-1404R,uncultured Syntrophaceae bacterium,uncultured Syntrophaceae bacterium,852
Bacteria,Proteobacteria,Betaproteobacteria,Burkholderiales,Oxalobacteraceae,Undibacterium,853
Bacteria,None specified,None specified,None specified,None specified,unidentified,854
Bacteria,None specified,None specified,None specified,None specified,unidentified Cytophagales/green sulfur bacterium OPB56,855
Bacteria,None specified,None specified,None specified,None specified,unidentified eubacterium clone BSV75,856
Bacteria,None specified,None specified,None specified,None specified,unidentified eubacterium clone BSV85,857
Bacteria,Firmicutes,Bacilli,Bacillales,Planococcaceae,Ureibacillus,858
Bacteria,None specified,None specified,None specified,None specified,vadinBC27 wastewater-sludge group,859
Bacteria,Firmicutes,Bacilli,Lactobacillales,Enterococcaceae,Vagococcus,860
Bacteria,Firmicutes,Clostridia,Clostridiales,Lachnospiraceae,Vallitalea,861
Bacteria,Proteobacteria,Alphaproteobacteria,Rhizobiales,Bradyrhizobiaceae,Variibacter,862
Bacteria,Proteobacteria,Betaproteobacteria,Burkholderiales,Comamonadaceae,Variovorax,863
Bacteria,Firmicutes,Clostridia,Clostridiales,Veillonellaceae,Veillonella,864
Bacteria,Proteobacteria,Betaproteobacteria,Burkholderiales,Comamonadaceae,Verminephrobacter,865
Bacteria,Proteobacteria,Gammaproteobacteria,Vibrionales,Vibrionaceae,Vibrio,866
Bacteria,Chloroflexi,Anaerolineae,Anaerolineales,Anaerolinaceae,WCHB1-05,867
Bacteria,Actinobacteria,Actinobacteria,Corynebacteriales,Nocardiaceae,Williamsia,868
Bacteria,Bacteroidetes,Flavobacteriia,Flavobacteriales,Flavobacteriaceae,Winogradskyella,869
Bacteria,Proteobacteria,Alphaproteobacteria,Caulobacterales,Caulobacteraceae,Woodsholea,870
Bacteria,Proteobacteria,Alphaproteobacteria,Rhizobiales,Xanthobacteraceae,Xanthobacter,871
Bacteria,Proteobacteria,Gammaproteobacteria,Xanthomonadales,Xanthomonadaceae,Xanthomonadaceae bacterium WWH73,872
Bacteria,Proteobacteria,Gammaproteobacteria,Xanthomonadales,Xanthomonadaceae,Xanthomonas,873
Bacteria,Proteobacteria,Betaproteobacteria,Burkholderiales,Comamonadaceae,Xenophilus,874
Bacteria,Proteobacteria,Gammaproteobacteria,Xanthomonadales,Xanthomonadaceae,Xylella,875
Bacteria,Proteobacteria,Betaproteobacteria,Burkholderiales,unclassified Burkholderiales,Xylophilus,876
Bacteria,Proteobacteria,Gammaproteobacteria,Enterobacteriales,Yersiniaceae,Yersinia,877
Bacteria,Actinobacteria,Actinobacteria,Micrococcales,Microbacteriaceae,Yonghaparkia,878
Bacteria,Proteobacteria,Betaproteobacteria,Rhodocyclales,Rhodocyclaceae,Z-35,879
Bacteria,Actinobacteria,Actinobacteria,Micrococcales,Microbacteriaceae,Zimmermannella,880
Bacteria,Proteobacteria,Betaproteobacteria,Rhodocyclales,Rhodocyclaceae,Zoogloea,881
Bacteria,Proteobacteria,Alphaproteobacteria,Sphingomonadales,Sphingomonadaceae,Zymomonas,882
