uniprot_id,ec_number,protein_name,organism,score
TERPD_PSESP,EC:1.1.1.1,Probable alcohol dehydrogenase (EC 1.1.1.1),Pseudomonas sp,450
A0A398C8R1_9BURK,EC:1.1.1.1,alcohol dehydrogenase (EC 1.1.1.1),Simplicispira hankyongi,250
A0A9C9XQV1_9BACT,EC:1.1.1.1,alcohol dehydrogenase (EC 1.1.1.1),Desulfobulbus sp,450
ADH1_GEOSE,EC:1.1.1.1,Alcohol dehydrogenase (EC 1.1.1.1) (ADH-T),Geobacillus stearothermophilus (Bacillus stearothermophilus),250
FADH_PARDE,EC:1.1.1.1,S-(hydroxymethyl)glutathione dehydrogenase (EC 1.1.1.284) (Alcohol dehydrogenase) (EC 1.1.1.1) (Glutathione-dependent formaldehyde dehydrogenase) (FALDH) (FDH) (GSH-FDH) (EC 1.1.1.-),Paracoccus denitrificans,250
A0A952EDB2_9BACT,EC:1.1.1.1,alcohol dehydrogenase (EC 1.1.1.1),Nitrospira sp,450
A0A212K4D7_9BACT,EC:1.1.1.1,Fe-containing alcohol dehydrogenase (EC 1.1.1.1),uncultured Desulfovibrio sp,450
E7FWK7_ERYRH,EC:1.1.1.1,"Quinone oxidoreductase, YhdH/YhfP family (EC 1.1.1.1)",Erysipelothrix rhusiopathiae ATCC 19414,150
A0A1F2PGG9_9FIRM,EC:1.1.1.1,Alcohol dehydrogenase 2 (EC 1.1.1.1) (Iron-containing alcohol dehydrogenase),Acetobacterium wieringae,250
A0A4Y8WXJ0_9MICC,EC:1.1.1.1,"S-(Hydroxymethyl)glutathione dehydrogenase/alcohol dehydrogenase (EC 1.1.1.1, EC 1.1.1.284)",Micrococcus flavus,250
A0A349U3S2_9FIRM,EC:1.1.1.1,alcohol dehydrogenase (EC 1.1.1.1),Desulfotomaculum sp,450
A0A3L8GNB4_STRIN,EC:1.1.1.1,Alcohol dehydrogenase (EC 1.1.1.1),Streptococcus iniae (Streptococcus shiloi),250
A0A368YC59_9BURK,EC:1.1.1.1,alcohol dehydrogenase (EC 1.1.1.1),Pseudorhodoferax soli,250
A0A7X8BA41_9ACTN,EC:1.1.1.1,alcohol dehydrogenase (EC 1.1.1.1),Propionibacterium sp,450
A0A9W6GS54_9HYPH,EC:1.1.1.1,alcohol dehydrogenase (EC 1.1.1.1),Methylocystis echinoides,250
A0A975XUY2_9RHOO,EC:1.1.1.1,alcohol dehydrogenase (EC 1.1.1.1),Azospira inquinata,250
A0A847E503_9BACT,EC:1.1.1.1,alcohol dehydrogenase (EC 1.1.1.1),Smithella sp,450
ADH_STAAC,EC:1.1.1.1,Alcohol dehydrogenase (ADH) (EC 1.1.1.1),Staphylococcus aureus (strain COL),250
A0A072ZS38_PSEAI,EC:1.1.1.100,3-oxoacyl-[acyl-carrier-protein] reductase (EC 1.1.1.100),Pseudomonas aeruginosa,250
A0A4R2NAF8_9BURK,EC:1.1.1.100,3-oxoacyl-[acyl-carrier-protein] reductase (EC 1.1.1.100),Simplicispira metamorpha,250
A0A519ICJ8_9BURK,EC:1.1.1.100,3-oxoacyl-[acyl-carrier-protein] reductase (EC 1.1.1.100),Acidovorax sp,450
A0A5C7ZR63_9RHOO,EC:1.1.1.100,3-oxoacyl-[acyl-carrier-protein] reductase (EC 1.1.1.100),Dechloromonas sp,450
A0A3A6MUU2_9BACT,EC:1.1.1.100,3-oxoacyl-[acyl-carrier-protein] reductase (EC 1.1.1.100),Desulfobulbus sp,450
A0A8J7X0F4_9GAMM,EC:1.1.1.100,3-oxoacyl-[acyl-carrier-protein] reductase (EC 1.1.1.100),Silanimonas sp,450
A0A935J7Y6_9RHOO,EC:1.1.1.100,3-oxoacyl-[acyl-carrier-protein] reductase (EC 1.1.1.100),Propionivibrio sp,450
A0A5N7ZV21_9BURK,EC:1.1.1.100,3-oxoacyl-[acyl-carrier-protein] reductase (EC 1.1.1.100),Achromobacter sp,450
A0A2V3UTC1_9SPHN,EC:1.1.1.100,3-oxoacyl-[acyl-carrier-protein] reductase (EC 1.1.1.100),Blastomonas natatoria,250
A0A084J439_BACMY,EC:1.1.1.100,3-oxoacyl-[acyl-carrier-protein] reductase (EC 1.1.1.100),Bacillus mycoides,250
A0A525IJR1_BRASZ,EC:1.1.1.100,3-oxoacyl-[acyl-carrier-protein] reductase (EC 1.1.1.100),Bradyrhizobium sp,450
A0A940LVP1_SPHSX,EC:1.1.1.100,3-oxoacyl-[acyl-carrier-protein] reductase (EC 1.1.1.100),Sphingomonas sp,450
A0A3D5MIL7_9CAUL,EC:1.1.1.100,3-oxoacyl-[acyl-carrier-protein] reductase (EC 1.1.1.100),Brevundimonas sp,450
A0A2D8WZC4_PARSX,EC:1.1.1.100,3-oxoacyl-[acyl-carrier-protein] reductase (EC 1.1.1.100),Paracoccus sp,450
A0A521P1R3_9BURK,EC:1.1.1.100,3-oxoacyl-[acyl-carrier-protein] reductase (EC 1.1.1.100),Variovorax sp,450
A0A937MZS7_9BACT,EC:1.1.1.100,3-oxoacyl-[acyl-carrier-protein] reductase (EC 1.1.1.100),Nitrospira sp,450
A0A7X9FNI7_9BACT,EC:1.1.1.100,3-oxoacyl-[acyl-carrier-protein] reductase (EC 1.1.1.100),Desulfovibrio sp,450
A0A525JSD0_9CAUL,EC:1.1.1.100,3-oxoacyl-[acyl-carrier-protein] reductase (EC 1.1.1.100),Phenylobacterium sp,450
A0A940M3Z4_9GAMM,EC:1.1.1.100,3-oxoacyl-[acyl-carrier-protein] reductase (EC 1.1.1.100),Pseudoxanthomonas sp,450
A0A8J8HQP1_9BACT,EC:1.1.1.100,3-oxoacyl-[acyl-carrier-protein] reductase (EC 1.1.1.100),Geothrix sp,450
A0A351HVA5_9FIRM,EC:1.1.1.100,3-oxoacyl-[acyl-carrier-protein] reductase (EC 1.1.1.100),Acetobacterium sp,450
A0A9E6B601_9GAMM,EC:1.1.1.100,3-oxoacyl-[acyl-carrier-protein] reductase (EC 1.1.1.100),Shewanella sp,450
A0A9C7ASL2_9THEO,EC:1.1.1.100,3-oxoacyl-[acyl-carrier-protein] reductase (EC 1.1.1.100),Gelria sp. Kuro-4,150
A0AB38HC05_MICLU,EC:1.1.1.100,3-oxoacyl-[acyl-carrier-protein] reductase FabG (EC 1.1.1.100),Micrococcus luteus (Micrococcus lysodeikticus),250
A0A358QTC3_9FIRM,EC:1.1.1.100,3-oxoacyl-[acyl-carrier-protein] reductase (EC 1.1.1.100),Desulfotomaculum sp,450
A0AAE9QXA2_STREQ,EC:1.1.1.100,3-oxoacyl-[acyl-carrier-protein] reductase (EC 1.1.1.100),Streptococcus dysgalactiae subsp. equisimilis (Streptococcus equisimilis),250
A0A368Y2I3_9BURK,EC:1.1.1.100,3-oxoacyl-[acyl-carrier-protein] reductase (EC 1.1.1.100),Pseudorhodoferax soli,250
A0A2C7ZH47_9ACTN,EC:1.1.1.100,3-oxoacyl-[acyl-carrier-protein] reductase (EC 1.1.1.100),Propionibacterium freudenreichii,250
A0A2P5NUC3_9HYPH,EC:1.1.1.100,3-oxoacyl-[acyl-carrier-protein] reductase (EC 1.1.1.100),Methylocystis sp,450
A0A974SST2_9RHOO,EC:1.1.1.100,3-oxoacyl-[acyl-carrier-protein] reductase (EC 1.1.1.100),Azospira restricta,250
A0A847E7N4_9BACT,EC:1.1.1.100,3-oxoacyl-ACP reductase FabG (EC 1.1.1.100),Smithella sp,450
A0A952BQY4_9SPHN,EC:1.1.1.100,3-oxoacyl-[acyl-carrier-protein] reductase (EC 1.1.1.100),Sphingopyxis sp,450
A0A940LUK5_9CAUL,EC:1.1.1.100,3-oxoacyl-[acyl-carrier-protein] reductase (EC 1.1.1.100),Caulobacter sp,450
A0A952L0V1_9SPHN,EC:1.1.1.100,3-oxoacyl-[acyl-carrier-protein] reductase (EC 1.1.1.100),Novosphingobium sp,450
FABG_STAAC,EC:1.1.1.100,3-oxoacyl-[acyl-carrier-protein] reductase FabG (EC 1.1.1.100) (3-ketoacyl-acyl carrier protein reductase) (Beta-Ketoacyl-acyl carrier protein reductase) (Beta-ketoacyl-ACP reductase),Staphylococcus aureus (strain COL),250
A0A8J8BKF0_9GAMM,EC:1.1.1.103,L-threonine 3-dehydrogenase (TDH) (EC 1.1.1.103),Silanimonas sp,450
A0AAP3YFE1_BACAM,EC:1.1.1.103,L-threonine 3-dehydrogenase (TDH) (EC 1.1.1.103),Bacillus amyloliquefaciens (Bacillus velezensis),250
A0A519L8Y1_9CAUL,EC:1.1.1.103,L-threonine 3-dehydrogenase (EC 1.1.1.103),Brevundimonas sp,450
A0A849RDE3_9BACT,EC:1.1.1.103,L-threonine 3-dehydrogenase (EC 1.1.1.103),Nitrospira sp,450
A0A349HJ90_9BACT,EC:1.1.1.103,L-threonine 3-dehydrogenase (TDH) (EC 1.1.1.103),Desulfovibrio sp,450
A0A940LZ31_9GAMM,EC:1.1.1.103,L-threonine 3-dehydrogenase (TDH) (EC 1.1.1.103),Pseudoxanthomonas sp,450
A0A8J8HQJ3_9BACT,EC:1.1.1.103,L-threonine 3-dehydrogenase (TDH) (EC 1.1.1.103),Geothrix sp,450
TDH_SHEB8,EC:1.1.1.103,L-threonine 3-dehydrogenase (TDH) (EC 1.1.1.103),Shewanella baltica (strain OS185),150
A0A7W7GM57_9MICC,EC:1.1.1.103,Threonine 3-dehydrogenase (EC 1.1.1.103),Micrococcus cohnii,250
A0A7C6IDA7_9ACTN,EC:1.1.1.103,L-threonine 3-dehydrogenase (EC 1.1.1.103),Propionibacterium sp,450
A0A4Y8X687_9MICC,EC:1.1.1.105,All-trans-retinol dehydrogenase (NAD+) (EC 1.1.1.105),Micrococcus flavus,250
LCDH_PSESP,EC:1.1.1.108,L-carnitine dehydrogenase (CDH) (L-CDH) (EC 1.1.1.108),Pseudomonas sp,450
A0A1I0HFR0_9RHOB,EC:1.1.1.108,L-carnitine dehydrogenase (CDH) (L-CDH) (EC 1.1.1.108),Paracoccus homiensis,250
A0AAW8EDL0_VARPD,EC:1.1.1.11,D-arabinitol 4-dehydrogenase (EC 1.1.1.11),Variovorax paradoxus,250
A0A8I1Y760_BRAEL,EC:1.1.1.122,D-threo-aldose 1-dehydrogenase (EC 1.1.1.122),Bradyrhizobium elkanii,250
A0A1B3NAK9_9SPHN,EC:1.1.1.125,2-deoxy-D-gluconate 3-dehydrogenase (EC 1.1.1.125),Blastomonas sp. RAC04,150
A0A8I1Y170_BRAEL,EC:1.1.1.125,2-deoxy-D-gluconate 3-dehydrogenase (EC 1.1.1.125),Bradyrhizobium elkanii,250
A0A7X6BEK1_9SPHN,EC:1.1.1.125,2-deoxy-D-gluconate 3-dehydrogenase (EC 1.1.1.125),Sphingomonas trueperi,250
A0A328AT77_9CAUL,EC:1.1.1.125,2-deoxy-D-gluconate 3-dehydrogenase (EC 1.1.1.125),Phenylobacterium deserti,250
A0A1Y5Q1I5_9SPHN,EC:1.1.1.125,2-deoxy-D-gluconate 3-dehydrogenase (EC 1.1.1.125),uncultured Sphingopyxis sp,450
A0A0H3C8A2_CAUVN,EC:1.1.1.125,2-deoxy-D-gluconate 3-dehydrogenase (EC 1.1.1.125),Caulobacter vibrioides (strain NA1000 / CB15N) (Caulobacter crescentus),150
A0A7W7NZ19_9SPHN,EC:1.1.1.125,2-deoxy-D-gluconate 3-dehydrogenase (EC 1.1.1.125),Novosphingobium chloroacetimidivorans,250
ALGD_PSESH,EC:1.1.1.132,GDP-mannose 6-dehydrogenase (GMD) (EC 1.1.1.132),Pseudomonas savastanoi pv. phaseolicola (Pseudomonas syringae pv. phaseolicola),250
A0AAQ1P6W5_9PSED,EC:1.1.1.133,dTDP-4-dehydrorhamnose reductase (EC 1.1.1.133),Pseudomonas inefficax,250
A0A2S0MXX2_9BURK,EC:1.1.1.133,dTDP-4-dehydrorhamnose reductase (EC 1.1.1.133),Simplicispira suum,250
A0A519MMD0_9BURK,EC:1.1.1.133,dTDP-4-dehydrorhamnose reductase (EC 1.1.1.133),Acidovorax sp,450
A0A7L6A8Z8_9RHOO,EC:1.1.1.133,dTDP-4-dehydrorhamnose reductase (EC 1.1.1.133),Dechloromonas sp,450
A0A432QCJ4_9BACT,EC:1.1.1.133,dTDP-4-dehydrorhamnose reductase (EC 1.1.1.133),Desulfobulbus sp,450
A0A8J7X2W9_9GAMM,EC:1.1.1.133,dTDP-4-dehydrorhamnose reductase (EC 1.1.1.133),Silanimonas sp,450
A0A935MF90_9RHOO,EC:1.1.1.133,dTDP-4-dehydrorhamnose reductase (EC 1.1.1.133) (dTDP-4-keto-L-rhamnose reductase) (dTDP-6-deoxy-L-lyxo-4-hexulose reductase) (dTDP-6-deoxy-L-mannose dehydrogenase) (dTDP-L-rhamnose synthase),Propionivibrio sp,450
A0A3C1Y2Q3_9BURK,EC:1.1.1.133,dTDP-4-dehydrorhamnose reductase (EC 1.1.1.133),Achromobacter sp,450
A0A653XIR9_BACAB,EC:1.1.1.133,dTDP-4-dehydrorhamnose reductase (EC 1.1.1.133),Bacillus altitudinis,250
A0A520B979_SPHSX,EC:1.1.1.133,dTDP-4-dehydrorhamnose reductase (EC 1.1.1.133),Sphingomonas sp,450
A0A2D8WX03_PARSX,EC:1.1.1.133,dTDP-4-dehydrorhamnose reductase (EC 1.1.1.133),Paracoccus sp,450
A0A520FPV7_9BURK,EC:1.1.1.133,dTDP-4-dehydrorhamnose reductase (EC 1.1.1.133),Variovorax sp,450
A0A354BG24_9BACT,EC:1.1.1.133,dTDP-4-dehydrorhamnose reductase (EC 1.1.1.133),Nitrospira sp,450
A0A349HH04_9BACT,EC:1.1.1.133,dTDP-4-dehydrorhamnose reductase (EC 1.1.1.133),Desulfovibrio sp,450
A0A2D7ZKZ1_9CAUL,EC:1.1.1.133,dTDP-4-dehydrorhamnose reductase (EC 1.1.1.133),Phenylobacterium sp,450
A0A940M054_9GAMM,EC:1.1.1.133,dTDP-4-dehydrorhamnose reductase (EC 1.1.1.133),Pseudoxanthomonas sp,450
A0A8J8KZY8_9BACT,EC:1.1.1.133,dTDP-4-dehydrorhamnose reductase (EC 1.1.1.133),Geothrix sp,450
A0A0L6U3J1_9FIRM,EC:1.1.1.133,dTDP-4-dehydrorhamnose reductase (EC 1.1.1.133),Acetobacterium bakii,250
A0A2G1ZKE7_9GAMM,EC:1.1.1.133,dTDP-4-dehydrorhamnose reductase (EC 1.1.1.133),Shewanella sp,450
A0A9C7BEC0_9THEO,EC:1.1.1.133,dTDP-4-dehydrorhamnose reductase (EC 1.1.1.133),Gelria sp. Kuro-4,150
A0A358QSK5_9FIRM,EC:1.1.1.133,dTDP-4-dehydrorhamnose reductase (EC 1.1.1.133),Desulfotomaculum sp,450
A0A368XJZ3_9BURK,EC:1.1.1.133,dTDP-4-dehydrorhamnose reductase (EC 1.1.1.133),Pseudorhodoferax soli,250
A0A2P5LYU6_9HYPH,EC:1.1.1.133,dTDP-4-dehydrorhamnose reductase (EC 1.1.1.133),Methylocystis sp,450
A0A974SPJ3_9RHOO,EC:1.1.1.133,dTDP-4-dehydrorhamnose reductase (EC 1.1.1.133),Azospira restricta,250
A0A846ZWD3_9BACT,EC:1.1.1.133,dTDP-4-dehydrorhamnose reductase (EC 1.1.1.133),Smithella sp,450
A0A940LRH6_9CAUL,EC:1.1.1.133,dTDP-4-dehydrorhamnose reductase (EC 1.1.1.133),Caulobacter sp,450
A0A2D5H7B1_9SPHN,EC:1.1.1.133,dTDP-4-dehydrorhamnose reductase (EC 1.1.1.133),Novosphingobium sp,450
A0A1F2PIB9_9FIRM,EC:1.1.1.14,Sorbitol dehydrogenase (EC 1.1.1.14),Acetobacterium wieringae,250
Q6A995_CUTAK,EC:1.1.1.14,Zinc-binding sorbitol dehydrogenase (EC 1.1.1.14),Cutibacterium acnes (strain DSM 16379 / KPA171202) (Propionibacterium acnes),150
A0A380DL07_STAAU,EC:1.1.1.14,Sorbitol dehydrogenase (EC 1.1.1.14),Staphylococcus aureus,250
A0A519F5A2_PSESP,EC:1.1.1.157,3-hydroxybutyryl-CoA dehydrogenase (EC 1.1.1.157),Pseudomonas sp,450
A0A7X0UA51_9BURK,EC:1.1.1.157,3-hydroxybutyryl-CoA dehydrogenase (EC 1.1.1.157),Acidovorax soli,250
A0A7T5VCY8_9BACT,EC:1.1.1.157,3-hydroxybutyryl-CoA dehydrogenase (EC 1.1.1.157),Desulfobulbus oligotrophicus,250
A0A0M7C2S0_9BURK,EC:1.1.1.157,3-hydroxybutyryl-CoA dehydrogenase (EC 1.1.1.157),Achromobacter sp,450
W9BVL4_9SPHN,EC:1.1.1.157,3-hydroxybutyryl-CoA dehydrogenase (EC 1.1.1.157),Blastomonas sp. CACIA14H2,150
A0A653MKL9_BACAB,EC:1.1.1.157,3-hydroxybutyryl-CoA dehydrogenase (EC 1.1.1.157),Bacillus altitudinis,250
A0A525I2S9_BRASZ,EC:1.1.1.157,3-hydroxybutyryl-CoA dehydrogenase (EC 1.1.1.157),Bradyrhizobium sp,450
A0A2W5A9V8_9SPHN,EC:1.1.1.157,3-hydroxybutyryl-CoA dehydrogenase (EC 1.1.1.157),Sphingomonas sanxanigenens,250
A0A519HY32_9CAUL,EC:1.1.1.157,3-hydroxybutyryl-CoA dehydrogenase (EC 1.1.1.157),Brevundimonas sp,450
A0A2D8WZN0_PARSX,EC:1.1.1.157,3-hydroxybutyryl-CoA dehydrogenase (EC 1.1.1.157),Paracoccus sp,450
A0A2E9BYL7_9BURK,EC:1.1.1.157,3-hydroxybutyryl-CoA dehydrogenase (EC 1.1.1.157),Variovorax sp,450
A0A936VSB4_9BACT,EC:1.1.1.157,3-hydroxybutyryl-CoA dehydrogenase (EC 1.1.1.157),Nitrospira sp,450
A0A521PCM8_9CAUL,EC:1.1.1.157,3-hydroxybutyryl-CoA dehydrogenase (EC 1.1.1.157),Phenylobacterium sp,450
A0A8J8KTD6_9BACT,EC:1.1.1.157,3-hydroxybutyryl-CoA dehydrogenase (EC 1.1.1.157),Geothrix sp,450
A0A1F2PDT5_9FIRM,EC:1.1.1.157,Putative 3-hydroxybutyryl-CoA dehydrogenase (EC 1.1.1.157),Acetobacterium wieringae,250
A0A7D7KYL4_KOCVA,EC:1.1.1.157,3-hydroxybutyryl-CoA dehydrogenase (EC 1.1.1.157),Kocuria varians (Micrococcus varians),250
A0A356UFY7_9FIRM,EC:1.1.1.157,3-hydroxybutyryl-CoA dehydrogenase (EC 1.1.1.157),Desulfotomaculum sp,450
A0A0S9KPZ8_9BURK,EC:1.1.1.157,3-hydroxyacyl-CoA dehydrogenase (EC 1.1.1.157),Pseudorhodoferax sp. Leaf265,150
A0A2P5NTX2_9HYPH,EC:1.1.1.157,3-hydroxybutyryl-CoA dehydrogenase (EC 1.1.1.157),Methylocystis sp,450
A0A1Y5PXB8_9SPHN,EC:1.1.1.157,3-hydroxybutyryl-CoA dehydrogenase (EC 1.1.1.157),uncultured Sphingopyxis sp,450
A0A924N0T9_9CAUL,EC:1.1.1.157,3-hydroxybutyryl-CoA dehydrogenase (EC 1.1.1.157),Caulobacter sp,450
A0A963S301_9SPHN,EC:1.1.1.157,3-hydroxybutyryl-CoA dehydrogenase (EC 1.1.1.157),Novosphingobium sp,450
A0A3B9EJW1_9CAUL,EC:1.1.1.159,7-alpha-hydroxysteroid dehydrogenase (EC 1.1.1.159),Brevundimonas sp,450
A0A2K9MIH2_9RHOB,EC:1.1.1.159,7-alpha-hydroxysteroid dehydrogenase (EC 1.1.1.159),Paracoccus jeotgali,250
A0AAQ1PD27_9PSED,EC:1.1.1.169,2-dehydropantoate 2-reductase (EC 1.1.1.169) (Ketopantoate reductase),Pseudomonas inefficax,250
A0A398C415_9BURK,EC:1.1.1.169,2-dehydropantoate 2-reductase (EC 1.1.1.169) (Ketopantoate reductase),Simplicispira hankyongi,250
A0A519IG83_9BURK,EC:1.1.1.169,2-dehydropantoate 2-reductase (EC 1.1.1.169) (Ketopantoate reductase),Acidovorax sp,450
A0A9C9C072_9BACT,EC:1.1.1.169,2-dehydropantoate 2-reductase (EC 1.1.1.169) (Ketopantoate reductase),Desulfobulbus sp,450
A0A935MFQ8_9RHOO,EC:1.1.1.169,2-dehydropantoate 2-reductase (EC 1.1.1.169) (Ketopantoate reductase),Propionivibrio sp,450
A0A5N7ZV78_9BURK,EC:1.1.1.169,2-dehydropantoate 2-reductase (EC 1.1.1.169) (Ketopantoate reductase),Achromobacter sp,450
A0A653YQP3_BACMY,EC:1.1.1.169,2-dehydropantoate 2-reductase (EC 1.1.1.169) (Ketopantoate reductase),Bacillus mycoides,250
A0A525KCN4_BRASZ,EC:1.1.1.169,2-dehydropantoate 2-reductase (EC 1.1.1.169) (Ketopantoate reductase),Bradyrhizobium sp,450
A0A562NV37_9RHOB,EC:1.1.1.169,2-dehydropantoate 2-reductase (EC 1.1.1.169) (Ketopantoate reductase),Paracoccus sulfuroxidans,250
A0A2E9BJV8_9BURK,EC:1.1.1.169,2-dehydropantoate 2-reductase (EC 1.1.1.169) (Ketopantoate reductase),Variovorax sp,450
A0A849RIU9_9BACT,EC:1.1.1.169,2-dehydropantoate 2-reductase (EC 1.1.1.169) (Ketopantoate reductase),Nitrospira sp,450
A0A940MAU6_9GAMM,EC:1.1.1.169,2-dehydropantoate 2-reductase (EC 1.1.1.169) (Ketopantoate reductase),Pseudoxanthomonas sp,450
A0A351HVC8_9FIRM,EC:1.1.1.169,2-dehydropantoate 2-reductase (EC 1.1.1.169) (Ketopantoate reductase),Acetobacterium sp,450
A0A9D5UJ76_9GAMM,EC:1.1.1.169,2-dehydropantoate 2-reductase (EC 1.1.1.169) (Ketopantoate reductase),Shewanella sp,450
A0A368YA38_9BURK,EC:1.1.1.169,2-dehydropantoate 2-reductase (EC 1.1.1.169) (Ketopantoate reductase),Pseudorhodoferax soli,250
A0A7X6NS84_9ACTN,EC:1.1.1.169,2-dehydropantoate 2-reductase (EC 1.1.1.169) (Ketopantoate reductase),Propionibacterium sp,450
A0A1W6MS68_9HYPH,EC:1.1.1.169,2-dehydropantoate 2-reductase (EC 1.1.1.169) (Ketopantoate reductase),Methylocystis bryophila,250
A0A940LJQ7_9CAUL,EC:1.1.1.169,2-dehydropantoate 2-reductase (EC 1.1.1.169) (Ketopantoate reductase),Caulobacter sp,450
A0A9D7LRF2_9SPHN,EC:1.1.1.169,2-dehydropantoate 2-reductase (EC 1.1.1.169) (Ketopantoate reductase),Novosphingobium sp,450
A0A0D6HNF0_STAAU,EC:1.1.1.169,2-dehydropantoate 2-reductase (EC 1.1.1.169) (Ketopantoate reductase),Staphylococcus aureus,250
MTLD_GEOSE,EC:1.1.1.17,Mannitol-1-phosphate 5-dehydrogenase (EC 1.1.1.17),Geobacillus stearothermophilus (Bacillus stearothermophilus),250
MTLD_STAAE,EC:1.1.1.17,Mannitol-1-phosphate 5-dehydrogenase (EC 1.1.1.17),Staphylococcus aureus (strain Newman),250
A0A2D8WV70_PARSX,EC:1.1.1.18,Inositol 2-dehydrogenase (EC 1.1.1.18) (Myo-inositol 2-dehydrogenase) (MI 2-dehydrogenase),Paracoccus sp,450
A0A383S484_9ACTN,EC:1.1.1.18,Inositol 2-dehydrogenase (EC 1.1.1.18) (Myo-inositol 2-dehydrogenase) (MI 2-dehydrogenase),Propionibacterium australiense,250
A0AAQ1SRV1_9PSED,EC:1.1.1.193,Riboflavin biosynthesis protein RibD [Includes: Diaminohydroxyphosphoribosylaminopyrimidine deaminase (DRAP deaminase) (EC 3.5.4.26) (Riboflavin-specific deaminase); 5-amino-6-(5-phosphoribosylamino)uracil reductase (EC 1.1.1.193) (HTP reductase)],Pseudomonas inefficax,250
A0A2S0N2C1_9BURK,EC:1.1.1.193,Riboflavin biosynthesis protein RibD [Includes: Diaminohydroxyphosphoribosylaminopyrimidine deaminase (DRAP deaminase) (EC 3.5.4.26) (Riboflavin-specific deaminase); 5-amino-6-(5-phosphoribosylamino)uracil reductase (EC 1.1.1.193) (HTP reductase)],Simplicispira suum,250
A0A8I1V5K7_9BURK,EC:1.1.1.193,Riboflavin biosynthesis protein RibD [Includes: Diaminohydroxyphosphoribosylaminopyrimidine deaminase (DRAP deaminase) (EC 3.5.4.26) (Riboflavin-specific deaminase); 5-amino-6-(5-phosphoribosylamino)uracil reductase (EC 1.1.1.193) (HTP reductase)],Acidovorax sp,450
A0A6N1XG95_9RHOO,EC:1.1.1.193,Riboflavin biosynthesis protein RibD [Includes: Diaminohydroxyphosphoribosylaminopyrimidine deaminase (DRAP deaminase) (EC 3.5.4.26) (Riboflavin-specific deaminase); 5-amino-6-(5-phosphoribosylamino)uracil reductase (EC 1.1.1.193) (HTP reductase)],Dechloromonas sp,450
A0A432QR52_9BACT,EC:1.1.1.193,Riboflavin biosynthesis protein RibD [Includes: Diaminohydroxyphosphoribosylaminopyrimidine deaminase (DRAP deaminase) (EC 3.5.4.26) (Riboflavin-specific deaminase); 5-amino-6-(5-phosphoribosylamino)uracil reductase (EC 1.1.1.193) (HTP reductase)],Desulfobulbus sp,450
A0A8J7X2C4_9GAMM,EC:1.1.1.193,Riboflavin biosynthesis protein RibD [Includes: Diaminohydroxyphosphoribosylaminopyrimidine deaminase (DRAP deaminase) (EC 3.5.4.26) (Riboflavin-specific deaminase); 5-amino-6-(5-phosphoribosylamino)uracil reductase (EC 1.1.1.193) (HTP reductase)],Silanimonas sp,450
A0A935J344_9RHOO,EC:1.1.1.193,Riboflavin biosynthesis protein RibD [Includes: Diaminohydroxyphosphoribosylaminopyrimidine deaminase (DRAP deaminase) (EC 3.5.4.26) (Riboflavin-specific deaminase); 5-amino-6-(5-phosphoribosylamino)uracil reductase (EC 1.1.1.193) (HTP reductase)],Propionivibrio sp,450
A0A0M7KS66_9BURK,EC:1.1.1.193,Riboflavin biosynthesis protein RibD [Includes: Diaminohydroxyphosphoribosylaminopyrimidine deaminase (DRAP deaminase) (EC 3.5.4.26) (Riboflavin-specific deaminase); 5-amino-6-(5-phosphoribosylamino)uracil reductase (EC 1.1.1.193) (HTP reductase)],Achromobacter sp,450
A0A2V3V901_9SPHN,EC:1.1.1.193,Riboflavin biosynthesis protein RibD [Includes: Diaminohydroxyphosphoribosylaminopyrimidine deaminase (DRAP deaminase) (EC 3.5.4.26) (Riboflavin-specific deaminase); 5-amino-6-(5-phosphoribosylamino)uracil reductase (EC 1.1.1.193) (HTP reductase)],Blastomonas natatoria,250
RIBD_BACAM,EC:1.1.1.193,Riboflavin biosynthesis protein RibD [Includes: Diaminohydroxyphosphoribosylaminopyrimidine deaminase (DRAP deaminase) (EC 3.5.4.26) (Riboflavin-specific deaminase); 5-amino-6-(5-phosphoribosylamino)uracil reductase (EC 1.1.1.193) (HTP reductase)],Bacillus amyloliquefaciens (Bacillus velezensis),250
A0A525KF77_BRASZ,EC:1.1.1.193,Riboflavin biosynthesis protein RibD [Includes: Diaminohydroxyphosphoribosylaminopyrimidine deaminase (DRAP deaminase) (EC 3.5.4.26) (Riboflavin-specific deaminase); 5-amino-6-(5-phosphoribosylamino)uracil reductase (EC 1.1.1.193) (HTP reductase)],Bradyrhizobium sp,450
A0A525HIC6_SPHSX,EC:1.1.1.193,Riboflavin biosynthesis protein RibD [Includes: Diaminohydroxyphosphoribosylaminopyrimidine deaminase (DRAP deaminase) (EC 3.5.4.26) (Riboflavin-specific deaminase); 5-amino-6-(5-phosphoribosylamino)uracil reductase (EC 1.1.1.193) (HTP reductase)],Sphingomonas sp,450
A0A519L909_9CAUL,EC:1.1.1.193,"Bifunctional diaminohydroxyphosphoribosylaminopyrimidine deaminase/5-amino-6-(5-phosphoribosylamino)uracil reductase RibD (EC 1.1.1.193, EC 3.5.4.26)",Brevundimonas sp,450
A0A2D8WV56_PARSX,EC:1.1.1.193,Riboflavin biosynthesis protein RibD [Includes: Diaminohydroxyphosphoribosylaminopyrimidine deaminase (DRAP deaminase) (EC 3.5.4.26) (Riboflavin-specific deaminase); 5-amino-6-(5-phosphoribosylamino)uracil reductase (EC 1.1.1.193) (HTP reductase)],Paracoccus sp,450
A0A2E9C1E5_9BURK,EC:1.1.1.193,Riboflavin biosynthesis protein RibD [Includes: Diaminohydroxyphosphoribosylaminopyrimidine deaminase (DRAP deaminase) (EC 3.5.4.26) (Riboflavin-specific deaminase); 5-amino-6-(5-phosphoribosylamino)uracil reductase (EC 1.1.1.193) (HTP reductase)],Variovorax sp,450
A0A532DJK1_9BACT,EC:1.1.1.193,Riboflavin biosynthesis protein RibD [Includes: Diaminohydroxyphosphoribosylaminopyrimidine deaminase (DRAP deaminase) (EC 3.5.4.26) (Riboflavin-specific deaminase); 5-amino-6-(5-phosphoribosylamino)uracil reductase (EC 1.1.1.193) (HTP reductase)],Nitrospira sp,450
A0A933YXM4_9BACT,EC:1.1.1.193,Riboflavin biosynthesis protein RibD [Includes: Diaminohydroxyphosphoribosylaminopyrimidine deaminase (DRAP deaminase) (EC 3.5.4.26) (Riboflavin-specific deaminase); 5-amino-6-(5-phosphoribosylamino)uracil reductase (EC 1.1.1.193) (HTP reductase)],Desulfovibrio sp,450
A0A840A143_9CAUL,EC:1.1.1.193,"Diaminohydroxyphosphoribosylaminopyrimidine deaminase/5-amino-6-(5-phosphoribosylamino)uracil reductase (EC 1.1.1.193, EC 3.5.4.26)",Phenylobacterium haematophilum,250
A0A4Q1JTC0_9GAMM,EC:1.1.1.193,Riboflavin biosynthesis protein RibD [Includes: Diaminohydroxyphosphoribosylaminopyrimidine deaminase (DRAP deaminase) (EC 3.5.4.26) (Riboflavin-specific deaminase); 5-amino-6-(5-phosphoribosylamino)uracil reductase (EC 1.1.1.193) (HTP reductase)],Pseudoxanthomonas composti,250
A0A8J8L0C2_9BACT,EC:1.1.1.193,Riboflavin biosynthesis protein RibD [Includes: Diaminohydroxyphosphoribosylaminopyrimidine deaminase (DRAP deaminase) (EC 3.5.4.26) (Riboflavin-specific deaminase); 5-amino-6-(5-phosphoribosylamino)uracil reductase (EC 1.1.1.193) (HTP reductase)],Geothrix sp,450
A0A351HYJ9_9FIRM,EC:1.1.1.193,Riboflavin biosynthesis protein RibD [Includes: Diaminohydroxyphosphoribosylaminopyrimidine deaminase (DRAP deaminase) (EC 3.5.4.26) (Riboflavin-specific deaminase); 5-amino-6-(5-phosphoribosylamino)uracil reductase (EC 1.1.1.193) (HTP reductase)],Acetobacterium sp,450
A0A9E6B3P7_9GAMM,EC:1.1.1.193,Riboflavin biosynthesis protein RibD [Includes: Diaminohydroxyphosphoribosylaminopyrimidine deaminase (DRAP deaminase) (EC 3.5.4.26) (Riboflavin-specific deaminase); 5-amino-6-(5-phosphoribosylamino)uracil reductase (EC 1.1.1.193) (HTP reductase)],Shewanella sp,450
A0A9C7B696_9THEO,EC:1.1.1.193,Riboflavin biosynthesis protein RibD [Includes: Diaminohydroxyphosphoribosylaminopyrimidine deaminase (DRAP deaminase) (EC 3.5.4.26) (Riboflavin-specific deaminase); 5-amino-6-(5-phosphoribosylamino)uracil reductase (EC 1.1.1.193) (HTP reductase)],Gelria sp. Kuro-4,150
A0A7X8WPD0_MICSP,EC:1.1.1.193,Riboflavin biosynthesis protein RibD [Includes: Diaminohydroxyphosphoribosylaminopyrimidine deaminase (DRAP deaminase) (EC 3.5.4.26) (Riboflavin-specific deaminase); 5-amino-6-(5-phosphoribosylamino)uracil reductase (EC 1.1.1.193) (HTP reductase)],Micrococcus sp,450
A0A358R3L3_9FIRM,EC:1.1.1.193,Riboflavin biosynthesis protein RibD [Includes: Diaminohydroxyphosphoribosylaminopyrimidine deaminase (DRAP deaminase) (EC 3.5.4.26) (Riboflavin-specific deaminase); 5-amino-6-(5-phosphoribosylamino)uracil reductase (EC 1.1.1.193) (HTP reductase)],Desulfotomaculum sp,450
A0A368Y6P0_9BURK,EC:1.1.1.193,Riboflavin biosynthesis protein RibD [Includes: Diaminohydroxyphosphoribosylaminopyrimidine deaminase (DRAP deaminase) (EC 3.5.4.26) (Riboflavin-specific deaminase); 5-amino-6-(5-phosphoribosylamino)uracil reductase (EC 1.1.1.193) (HTP reductase)],Pseudorhodoferax soli,250
A0A7X8B6T0_9ACTN,EC:1.1.1.193,Riboflavin biosynthesis protein RibD [Includes: Diaminohydroxyphosphoribosylaminopyrimidine deaminase (DRAP deaminase) (EC 3.5.4.26) (Riboflavin-specific deaminase); 5-amino-6-(5-phosphoribosylamino)uracil reductase (EC 1.1.1.193) (HTP reductase)],Propionibacterium sp,450
A0A2P5NP57_9HYPH,EC:1.1.1.193,Riboflavin biosynthesis protein RibD [Includes: Diaminohydroxyphosphoribosylaminopyrimidine deaminase (DRAP deaminase) (EC 3.5.4.26) (Riboflavin-specific deaminase); 5-amino-6-(5-phosphoribosylamino)uracil reductase (EC 1.1.1.193) (HTP reductase)],Methylocystis sp,450
A0A974Y554_9RHOO,EC:1.1.1.193,Riboflavin biosynthesis protein RibD [Includes: Diaminohydroxyphosphoribosylaminopyrimidine deaminase (DRAP deaminase) (EC 3.5.4.26) (Riboflavin-specific deaminase); 5-amino-6-(5-phosphoribosylamino)uracil reductase (EC 1.1.1.193) (HTP reductase)],Azospira restricta,250
A0A354H498_9BACT,EC:1.1.1.193,Riboflavin biosynthesis protein RibD [Includes: Diaminohydroxyphosphoribosylaminopyrimidine deaminase (DRAP deaminase) (EC 3.5.4.26) (Riboflavin-specific deaminase); 5-amino-6-(5-phosphoribosylamino)uracil reductase (EC 1.1.1.193) (HTP reductase)],Smithella sp,450
A0A952EGW4_9SPHN,EC:1.1.1.193,Riboflavin biosynthesis protein RibD (EC 1.1.1.193) (EC 3.5.4.26),Sphingopyxis sp,450
A0A963R351_9SPHN,EC:1.1.1.193,Riboflavin biosynthesis protein RibD [Includes: Diaminohydroxyphosphoribosylaminopyrimidine deaminase (DRAP deaminase) (EC 3.5.4.26) (Riboflavin-specific deaminase); 5-amino-6-(5-phosphoribosylamino)uracil reductase (EC 1.1.1.193) (HTP reductase)],Novosphingobium sp,450
A0AAQ0D8E8_9STAP,EC:1.1.1.193,Riboflavin biosynthesis protein RibD [Includes: Diaminohydroxyphosphoribosylaminopyrimidine deaminase (DRAP deaminase) (EC 3.5.4.26) (Riboflavin-specific deaminase); 5-amino-6-(5-phosphoribosylamino)uracil reductase (EC 1.1.1.193) (HTP reductase)],Staphylococcus delphini,250
A0A7U3YIZ8_DESPD,EC:1.1.1.2,"Aldehyde reductase (EC 1.1.1.2, EC 1.1.1.21)",Desulfobulbus propionicus (strain ATCC 33891 / DSM 2032 / VKM B-1956 / 1pr3),150
F6B7G0_DESCC,EC:1.1.1.202,"1,3-propanediol dehydrogenase (EC 1.1.1.202)",Desulfotomaculum nigrificans (strain DSM 14880 / VKM B-2319 / CO-1-SRB) (Desulfotomaculum carboxydivorans),150
A0A508TFZ7_9BRAD,EC:1.1.1.203,Uronate dehydrogenase (EC 1.1.1.203),Bradyrhizobium ivorense,250
A0AAW8E512_9BURK,EC:1.1.1.203,Uronate dehydrogenase (EC 1.1.1.203),Variovorax boronicumulans,250
A0AAQ1SS91_9PSED,EC:1.1.1.205,Inosine-5'-monophosphate dehydrogenase (IMP dehydrogenase) (IMPD) (IMPDH) (EC 1.1.1.205),Pseudomonas inefficax,250
A0A2S0N2G9_9BURK,EC:1.1.1.205,Inosine-5'-monophosphate dehydrogenase (IMP dehydrogenase) (IMPD) (IMPDH) (EC 1.1.1.205),Simplicispira suum,250
A0A519I7W8_9BURK,EC:1.1.1.205,Inosine-5'-monophosphate dehydrogenase (IMP dehydrogenase) (IMPD) (IMPDH) (EC 1.1.1.205),Acidovorax sp,450
A0A7L6A7H7_9RHOO,EC:1.1.1.205,Inosine-5'-monophosphate dehydrogenase (IMP dehydrogenase) (IMPD) (IMPDH) (EC 1.1.1.205),Dechloromonas sp,450
A0A432QKF3_9BACT,EC:1.1.1.205,Inosine-5'-monophosphate dehydrogenase (IMP dehydrogenase) (IMPD) (IMPDH) (EC 1.1.1.205),Desulfobulbus sp,450
A0A8J7WXB6_9GAMM,EC:1.1.1.205,Inosine-5'-monophosphate dehydrogenase (IMP dehydrogenase) (IMPD) (IMPDH) (EC 1.1.1.205),Silanimonas sp,450
A0A935JBK9_9RHOO,EC:1.1.1.205,Inosine-5'-monophosphate dehydrogenase (IMP dehydrogenase) (IMPD) (IMPDH) (EC 1.1.1.205),Propionivibrio sp,450
A0A3C1Y3J2_9BURK,EC:1.1.1.205,Inosine-5'-monophosphate dehydrogenase (IMP dehydrogenase) (IMPD) (IMPDH) (EC 1.1.1.205),Achromobacter sp,450
A0A2V3VA55_9SPHN,EC:1.1.1.205,Inosine-5'-monophosphate dehydrogenase (IMP dehydrogenase) (IMPD) (IMPDH) (EC 1.1.1.205),Blastomonas natatoria,250
A0A5K1N666_BACAB,EC:1.1.1.205,Inosine-5'-monophosphate dehydrogenase (IMP dehydrogenase) (IMPD) (IMPDH) (EC 1.1.1.205),Bacillus altitudinis,250
A0A525JX93_BRASZ,EC:1.1.1.205,Inosine-5'-monophosphate dehydrogenase (IMP dehydrogenase) (IMPD) (IMPDH) (EC 1.1.1.205),Bradyrhizobium sp,450
A0A973M9K0_SPHSX,EC:1.1.1.205,Inosine-5'-monophosphate dehydrogenase (IMP dehydrogenase) (IMPD) (IMPDH) (EC 1.1.1.205),Sphingomonas sp,450
A0A519L1R1_9CAUL,EC:1.1.1.205,Inosine-5'-monophosphate dehydrogenase (IMP dehydrogenase) (IMPD) (IMPDH) (EC 1.1.1.205),Brevundimonas sp,450
A0A2D8X1Z0_PARSX,EC:1.1.1.205,Inosine-5'-monophosphate dehydrogenase (IMP dehydrogenase) (IMPD) (IMPDH) (EC 1.1.1.205),Paracoccus sp,450
A0A520DAB4_9BURK,EC:1.1.1.205,Inosine-5'-monophosphate dehydrogenase (IMP dehydrogenase) (IMPD) (IMPDH) (EC 1.1.1.205),Variovorax sp,450
A0A3A0BVI7_9BACT,EC:1.1.1.205,Inosine-5'-monophosphate dehydrogenase (IMP dehydrogenase) (IMPD) (IMPDH) (EC 1.1.1.205),Nitrospira sp,450
A0A349HMU9_9BACT,EC:1.1.1.205,Inosine-5'-monophosphate dehydrogenase (IMP dehydrogenase) (IMPD) (IMPDH) (EC 1.1.1.205),Desulfovibrio sp,450
A0A525JSI8_9CAUL,EC:1.1.1.205,Inosine-5'-monophosphate dehydrogenase (IMP dehydrogenase) (IMPD) (IMPDH) (EC 1.1.1.205),Phenylobacterium sp,450
A0A7V8K8U7_9GAMM,EC:1.1.1.205,Inosine-5'-monophosphate dehydrogenase (IMP dehydrogenase) (IMPD) (IMPDH) (EC 1.1.1.205),Pseudoxanthomonas broegbernensis,250
A0AAU9VMF8_9FIRM,EC:1.1.1.205,IMP dehydrogenase (EC 1.1.1.205),Erysipelothrix amsterdamensis,250
A0A8J8HK36_9BACT,EC:1.1.1.205,Inosine-5'-monophosphate dehydrogenase (IMP dehydrogenase) (IMPD) (IMPDH) (EC 1.1.1.205),Geothrix sp,450
A0A351HUK8_9FIRM,EC:1.1.1.205,Inosine-5'-monophosphate dehydrogenase (IMP dehydrogenase) (IMPD) (IMPDH) (EC 1.1.1.205),Acetobacterium sp,450
A0A9D5UPM4_9GAMM,EC:1.1.1.205,Inosine-5'-monophosphate dehydrogenase (IMP dehydrogenase) (IMPD) (IMPDH) (EC 1.1.1.205),Shewanella sp,450
A0A9C7AYC4_9THEO,EC:1.1.1.205,Inosine-5'-monophosphate dehydrogenase (IMP dehydrogenase) (IMPD) (IMPDH) (EC 1.1.1.205),Gelria sp. Kuro-4,150
A0A7X8WSG7_MICSP,EC:1.1.1.205,Inosine-5'-monophosphate dehydrogenase (IMP dehydrogenase) (IMPD) (IMPDH) (EC 1.1.1.205),Micrococcus sp,450
A0A358QWM0_9FIRM,EC:1.1.1.205,Inosine-5'-monophosphate dehydrogenase (IMP dehydrogenase) (IMPD) (IMPDH) (EC 1.1.1.205),Desulfotomaculum sp,450
IMDH_STRPY,EC:1.1.1.205,Inosine-5'-monophosphate dehydrogenase (IMP dehydrogenase) (IMPD) (IMPDH) (EC 1.1.1.205),Streptococcus pyogenes,250
A0A368XXE2_9BURK,EC:1.1.1.205,Inosine-5'-monophosphate dehydrogenase (IMP dehydrogenase) (IMPD) (IMPDH) (EC 1.1.1.205),Pseudorhodoferax soli,250
A0A7X8B693_9ACTN,EC:1.1.1.205,Inosine-5'-monophosphate dehydrogenase (IMP dehydrogenase) (IMPD) (IMPDH) (EC 1.1.1.205),Propionibacterium sp,450
A0A2P5NIH6_9HYPH,EC:1.1.1.205,Inosine-5'-monophosphate dehydrogenase (IMP dehydrogenase) (IMPD) (IMPDH) (EC 1.1.1.205),Methylocystis sp,450
A0A974PWY1_9RHOO,EC:1.1.1.205,Inosine-5'-monophosphate dehydrogenase (IMP dehydrogenase) (IMPD) (IMPDH) (EC 1.1.1.205),Azospira restricta,250
A0A847E5J8_9BACT,EC:1.1.1.205,Inosine-5'-monophosphate dehydrogenase (IMP dehydrogenase) (IMPD) (IMPDH) (EC 1.1.1.205),Smithella sp,450
A0A952JTV6_9SPHN,EC:1.1.1.205,Inosine-5'-monophosphate dehydrogenase (IMP dehydrogenase) (IMPD) (IMPDH) (EC 1.1.1.205),Sphingopyxis sp,450
A0A940LQF4_9CAUL,EC:1.1.1.205,Inosine-5'-monophosphate dehydrogenase (IMP dehydrogenase) (IMPD) (IMPDH) (EC 1.1.1.205),Caulobacter sp,450
A0A519QZS7_9SPHN,EC:1.1.1.205,Inosine-5'-monophosphate dehydrogenase (IMP dehydrogenase) (IMPD) (IMPDH) (EC 1.1.1.205),Novosphingobium sp,450
IMDH_STAAC,EC:1.1.1.205,Inosine-5'-monophosphate dehydrogenase (IMP dehydrogenase) (IMPD) (IMPDH) (EC 1.1.1.205),Staphylococcus aureus (strain COL),250
A0AAW8G693_9GAMM,EC:1.1.1.206,Tropinone reductase 1 (EC 1.1.1.206),Pseudoxanthomonas winnipegensis,250
A0AAQ1P7G9_9PSED,EC:1.1.1.215,"2-oxo-carboxylic acid reductase (Glyoxalate reductase) (2-ketoaldonate reductase) (EC 1.1.1.215, EC 1.1.1.79, EC 1.1.1.81)",Pseudomonas inefficax,250
A0A7X0PHZ3_9BURK,EC:1.1.1.215,Gluconate 2-dehydrogenase (EC 1.1.1.215),Acidovorax soli,250
A0A0H2M1D5_VARPD,EC:1.1.1.215,"Glyoxylate/hydroxypyruvate reductase B (EC 1.1.1.215, EC 1.1.1.79, EC 1.1.1.81)",Variovorax paradoxus,250
A0AAW8GAN8_9GAMM,EC:1.1.1.215,"Gluconate 2-dehydrogenase (EC 1.1.1.215, EC 1.1.1.79, EC 1.1.1.81)",Pseudoxanthomonas winnipegensis,250
A0A3G7TQG3_9PSED,EC:1.1.1.219,Dihydroflavonol-4-reductase (EC 1.1.1.219),Pseudomonas chlororaphis,250
A0A7W6X1P5_9BRAD,EC:1.1.1.219,Dihydroflavonol-4-reductase (EC 1.1.1.219),Bradyrhizobium sp. SBR1B,150
A0A1W1I4V4_9BACT,EC:1.1.1.219,Putative dihydroflavonol-4-reductase (EC 1.1.1.219),Nitrospira japonica,250
A0A7W6CKL1_9SPHN,EC:1.1.1.219,Dihydroflavonol-4-reductase (EC 1.1.1.219),Novosphingobium sediminicola,250
A0AAQ1PA88_9PSED,EC:1.1.1.22,UDP-glucose 6-dehydrogenase (EC 1.1.1.22),Pseudomonas inefficax,250
A0A4R2NFD8_9BURK,EC:1.1.1.22,UDP-glucose 6-dehydrogenase (EC 1.1.1.22),Simplicispira metamorpha,250
A0A519MBM3_9BURK,EC:1.1.1.22,UDP-glucose 6-dehydrogenase (EC 1.1.1.22),Acidovorax sp,450
A0A833LYZ8_9RHOO,EC:1.1.1.22,UDP-glucose 6-dehydrogenase (EC 1.1.1.22),Dechloromonas sp,450
A0A9C8W0G0_9BACT,EC:1.1.1.22,UDP-glucose 6-dehydrogenase (EC 1.1.1.22),Desulfobulbus sp,450
A0A8J7WY89_9GAMM,EC:1.1.1.22,UDP-glucose 6-dehydrogenase (EC 1.1.1.22),Silanimonas sp,450
A0A935MF69_9RHOO,EC:1.1.1.22,UDP-glucose 6-dehydrogenase (EC 1.1.1.22),Propionivibrio sp,450
A0A0M7LB98_9BURK,EC:1.1.1.22,UDP-glucose 6-dehydrogenase (EC 1.1.1.22),Achromobacter sp,450
A0A2V3V3L2_9SPHN,EC:1.1.1.22,UDP-glucose 6-dehydrogenase (EC 1.1.1.22),Blastomonas natatoria,250
A0A653T4U0_BACMY,EC:1.1.1.22,UDP-glucose 6-dehydrogenase (EC 1.1.1.22),Bacillus mycoides,250
A0A525J3N6_BRASZ,EC:1.1.1.22,UDP-glucose 6-dehydrogenase (EC 1.1.1.22),Bradyrhizobium sp,450
A0A2W6S6N7_SPHSX,EC:1.1.1.22,UDP-glucose 6-dehydrogenase (EC 1.1.1.22),Sphingomonas sp,450
A0A2W6Y2V7_9CAUL,EC:1.1.1.22,UDP-glucose 6-dehydrogenase (EC 1.1.1.22),Brevundimonas sp,450
A0A357EAI4_9BACT,EC:1.1.1.22,UDP-glucose 6-dehydrogenase (EC 1.1.1.22),Nitrospira sp,450
A0A357AT29_9BACT,EC:1.1.1.22,UDP-glucose 6-dehydrogenase (EC 1.1.1.22),Desulfovibrio sp,450
A0A8H9XIS1_9CAUL,EC:1.1.1.22,UDP-glucose 6-dehydrogenase (EC 1.1.1.22),Phenylobacterium sp,450
A0A940M3E9_9GAMM,EC:1.1.1.22,UDP-glucose 6-dehydrogenase (EC 1.1.1.22),Pseudoxanthomonas sp,450
A0A120JTU6_9FIRM,EC:1.1.1.22,UDP-glucose 6-dehydrogenase (EC 1.1.1.22),Erysipelothrix larvae,250
A0A8J8HRK3_9BACT,EC:1.1.1.22,UDP-glucose 6-dehydrogenase (EC 1.1.1.22),Geothrix sp,450
A0A351HW36_9FIRM,EC:1.1.1.22,UDP-glucose 6-dehydrogenase (EC 1.1.1.22),Acetobacterium sp,450
A0A9E6B6Z3_9GAMM,EC:1.1.1.22,UDP-glucose 6-dehydrogenase (EC 1.1.1.22),Shewanella sp,450
A0AAP3AHI6_MICLU,EC:1.1.1.22,UDP-glucose 6-dehydrogenase (EC 1.1.1.22),Micrococcus luteus (Micrococcus lysodeikticus),250
A0A368YCG0_9BURK,EC:1.1.1.22,UDP-glucose 6-dehydrogenase (EC 1.1.1.22),Pseudorhodoferax soli,250
A0A7X6NVZ4_9ACTN,EC:1.1.1.22,UDP-glucose 6-dehydrogenase (EC 1.1.1.22),Propionibacterium sp,450
A0A2P5NI81_9HYPH,EC:1.1.1.22,UDP-glucose 6-dehydrogenase (EC 1.1.1.22),Methylocystis sp,450
A0A974SPJ1_9RHOO,EC:1.1.1.22,UDP-glucose 6-dehydrogenase (EC 1.1.1.22),Azospira restricta,250
A0A847ZBG9_9BACT,EC:1.1.1.22,UDP-glucose 6-dehydrogenase (EC 1.1.1.22),Smithella sp,450
A0A952BPY6_9SPHN,EC:1.1.1.22,UDP-glucose 6-dehydrogenase (EC 1.1.1.22),Sphingopyxis sp,450
A0A924N0L9_9CAUL,EC:1.1.1.22,UDP-glucose 6-dehydrogenase (EC 1.1.1.22),Caulobacter sp,450
A0A519QIX4_9SPHN,EC:1.1.1.22,UDP-glucose 6-dehydrogenase (EC 1.1.1.22),Novosphingobium sp,450
A0A0Q0GCX6_PSEA0,EC:1.1.1.23,Multifunctional fusion protein [Includes: Histidinol-phosphate aminotransferase (EC 2.6.1.9) (Imidazole acetol-phosphate transaminase); Histidinol dehydrogenase (HDH) (EC 1.1.1.23)],Pseudomonas amygdali pv. ulmi,250
A0A2S0N1G6_9BURK,EC:1.1.1.23,Histidinol dehydrogenase (HDH) (EC 1.1.1.23),Simplicispira suum,250
A0A8I1V7L3_9BURK,EC:1.1.1.23,Histidinol dehydrogenase (HDH) (EC 1.1.1.23),Acidovorax sp,450
A0A7L6A5H2_9RHOO,EC:1.1.1.23,Multifunctional fusion protein [Includes: ATP phosphoribosyltransferase (ATP-PRT) (ATP-PRTase) (EC 2.4.2.17); Histidinol dehydrogenase (HDH) (EC 1.1.1.23)],Dechloromonas sp,450
A0A9C8SXU9_9BACT,EC:1.1.1.23,Histidinol dehydrogenase (HDH) (EC 1.1.1.23),Desulfobulbus sp,450
A0A8J7X183_9GAMM,EC:1.1.1.23,Histidinol dehydrogenase (HDH) (EC 1.1.1.23),Silanimonas sp,450
A0A935J8E3_9RHOO,EC:1.1.1.23,Histidinol dehydrogenase (HDH) (EC 1.1.1.23),Propionivibrio sp,450
A0A0M7HXY7_9BURK,EC:1.1.1.23,Histidinol dehydrogenase (HDH) (EC 1.1.1.23),Achromobacter sp,450
A0A2V3USC2_9SPHN,EC:1.1.1.23,Histidinol dehydrogenase (HDH) (EC 1.1.1.23),Blastomonas natatoria,250
HISX_BACAN,EC:1.1.1.23,Histidinol dehydrogenase (HDH) (EC 1.1.1.23),Bacillus anthracis,250
A0A525I1L5_BRASZ,EC:1.1.1.23,Histidinol dehydrogenase (HDH) (EC 1.1.1.23),Bradyrhizobium sp,450
A0A2W6WCI7_SPHSX,EC:1.1.1.23,Histidinol dehydrogenase (HDH) (EC 1.1.1.23),Sphingomonas sp,450
A0A2W6XH70_9CAUL,EC:1.1.1.23,Histidinol dehydrogenase (HDH) (EC 1.1.1.23),Brevundimonas sp,450
A0A2D8WYM5_PARSX,EC:1.1.1.23,Histidinol dehydrogenase (HDH) (EC 1.1.1.23),Paracoccus sp,450
A0A520DKX6_9BURK,EC:1.1.1.23,Histidinol dehydrogenase (HDH) (EC 1.1.1.23),Variovorax sp,450
A0A532D750_9BACT,EC:1.1.1.23,Histidinol dehydrogenase (HDH) (EC 1.1.1.23),Nitrospira sp,450
A0A6N8BP88_9BACT,EC:1.1.1.23,Histidinol dehydrogenase (HDH) (EC 1.1.1.23),Desulfovibrio sp,450
A0A525JP04_9CAUL,EC:1.1.1.23,Histidinol dehydrogenase (HDH) (EC 1.1.1.23),Phenylobacterium sp,450
A0A0E3Z2I6_9GAMM,EC:1.1.1.23,Histidinol dehydrogenase (HDH) (EC 1.1.1.23),Pseudoxanthomonas suwonensis,250
A0A8J8HK67_9BACT,EC:1.1.1.23,Histidinol dehydrogenase (EC 1.1.1.23),Geothrix sp,450
A0A0L6U0R7_9FIRM,EC:1.1.1.23,Histidinol dehydrogenase (HDH) (EC 1.1.1.23),Acetobacterium bakii,250
A0A9D5Z215_9GAMM,EC:1.1.1.23,Histidinol dehydrogenase (HDH) (EC 1.1.1.23),Shewanella sp,450
A0A9C7BBX8_9THEO,EC:1.1.1.23,Histidinol dehydrogenase (HDH) (EC 1.1.1.23),Gelria sp. Kuro-4,150
A0A7X8WS99_MICSP,EC:1.1.1.23,Histidinol dehydrogenase (HDH) (EC 1.1.1.23),Micrococcus sp,450
A0A349U860_9FIRM,EC:1.1.1.23,Histidinol dehydrogenase (HDH) (EC 1.1.1.23),Desulfotomaculum sp,450
A0A368Y473_9BURK,EC:1.1.1.23,Histidinol dehydrogenase (HDH) (EC 1.1.1.23),Pseudorhodoferax soli,250
A0A2G6R2S9_9ACTN,EC:1.1.1.23,Histidinol dehydrogenase (HDH) (EC 1.1.1.23),Propionibacterium sp,450
A0A2P5NT18_9HYPH,EC:1.1.1.23,Histidinol dehydrogenase (HDH) (EC 1.1.1.23),Methylocystis sp,450
A0A974SNT4_9RHOO,EC:1.1.1.23,Histidinol dehydrogenase (HDH) (EC 1.1.1.23),Azospira restricta,250
A0A847ZAB4_9BACT,EC:1.1.1.23,Histidinol dehydrogenase (HDH) (EC 1.1.1.23),Smithella sp,450
A0A952BQ09_9SPHN,EC:1.1.1.23,Histidinol dehydrogenase (HDH) (EC 1.1.1.23),Sphingopyxis sp,450
A0A940LLG6_9CAUL,EC:1.1.1.23,Histidinol dehydrogenase (HDH) (EC 1.1.1.23),Caulobacter sp,450
A0A3D1P0T6_9SPHN,EC:1.1.1.23,Histidinol dehydrogenase (HDH) (EC 1.1.1.23),Novosphingobium sp,450
HISX_STAAC,EC:1.1.1.23,Histidinol dehydrogenase (HDH) (EC 1.1.1.23),Staphylococcus aureus (strain COL),250
AROE_ECTM1,EC:1.1.1.25,Shikimate dehydrogenase (NADP(+)) (SDH) (EC 1.1.1.25),Ectopseudomonas mendocina (strain ymp) (Pseudomonas mendocina),250
A0A2S0N0R4_9BURK,EC:1.1.1.25,Shikimate dehydrogenase (NADP(+)) (SDH) (EC 1.1.1.25),Simplicispira suum,250
A0A8I1V581_9BURK,EC:1.1.1.25,Shikimate dehydrogenase (NADP(+)) (SDH) (EC 1.1.1.25),Acidovorax sp,450
A0A833GQL7_9RHOO,EC:1.1.1.25,Shikimate dehydrogenase (NADP(+)) (SDH) (EC 1.1.1.25),Dechloromonas sp,450
A0A432QB26_9BACT,EC:1.1.1.25,Shikimate dehydrogenase (NADP(+)) (SDH) (EC 1.1.1.25),Desulfobulbus sp,450
A0A8J7X1X5_9GAMM,EC:1.1.1.25,Shikimate dehydrogenase (NADP(+)) (SDH) (EC 1.1.1.25),Silanimonas sp,450
A0A935J8K9_9RHOO,EC:1.1.1.25,Shikimate dehydrogenase (NADP(+)) (SDH) (EC 1.1.1.25),Propionivibrio sp,450
A0A5N7ZSB8_9BURK,EC:1.1.1.25,Shikimate dehydrogenase (NADP(+)) (SDH) (EC 1.1.1.25),Achromobacter sp,450
A0A2V3VIC9_9SPHN,EC:1.1.1.25,Shikimate dehydrogenase (NADP(+)) (SDH) (EC 1.1.1.25),Blastomonas natatoria,250
AROE_BACAH,EC:1.1.1.25,Shikimate dehydrogenase (NADP(+)) (SDH) (EC 1.1.1.25),Bacillus thuringiensis (strain Al Hakam),250
A0A525IAN5_BRASZ,EC:1.1.1.25,Shikimate dehydrogenase (NADP(+)) (SDH) (EC 1.1.1.25),Bradyrhizobium sp,450
A0A2W6VTE5_SPHSX,EC:1.1.1.25,Shikimate dehydrogenase (NADP(+)) (SDH) (EC 1.1.1.25),Sphingomonas sp,450
A0A519Q746_9CAUL,EC:1.1.1.25,Shikimate dehydrogenase (NADP(+)) (SDH) (EC 1.1.1.25),Brevundimonas sp,450
A0A2D8X080_PARSX,EC:1.1.1.25,Shikimate dehydrogenase (NADP(+)) (SDH) (EC 1.1.1.25),Paracoccus sp,450
A0A2E9C270_9BURK,EC:1.1.1.25,Shikimate dehydrogenase (NADP(+)) (SDH) (EC 1.1.1.25),Variovorax sp,450
A0A357ED50_9BACT,EC:1.1.1.25,Shikimate dehydrogenase (NADP(+)) (SDH) (EC 1.1.1.25),Nitrospira sp,450
A0A933YYP0_9BACT,EC:1.1.1.25,Shikimate dehydrogenase (NADP(+)) (SDH) (EC 1.1.1.25),Desulfovibrio sp,450
A0A2D7ZIH7_9CAUL,EC:1.1.1.25,Shikimate dehydrogenase (NADP(+)) (SDH) (EC 1.1.1.25),Phenylobacterium sp,450
A0A4Q1JXS8_9GAMM,EC:1.1.1.25,Shikimate dehydrogenase (NADP(+)) (SDH) (EC 1.1.1.25),Pseudoxanthomonas composti,250
A0A0L6U019_9FIRM,EC:1.1.1.25,Shikimate dehydrogenase (NADP(+)) (SDH) (EC 1.1.1.25),Acetobacterium bakii,250
AROE_SHEB9,EC:1.1.1.25,Shikimate dehydrogenase (NADP(+)) (SDH) (EC 1.1.1.25),Shewanella baltica (strain OS195),150
A0A9C7BHX6_9THEO,EC:1.1.1.25,Shikimate dehydrogenase (NADP(+)) (SDH) (EC 1.1.1.25),Gelria sp. Kuro-4,150
A0A7X8ZYX7_MICSP,EC:1.1.1.25,Shikimate dehydrogenase (EC 1.1.1.25),Micrococcus sp,450
A0A349U6F5_9FIRM,EC:1.1.1.25,Shikimate dehydrogenase (NADP(+)) (SDH) (EC 1.1.1.25),Desulfotomaculum sp,450
AROE_STRZJ,EC:1.1.1.25,Shikimate dehydrogenase (NADP(+)) (SDH) (EC 1.1.1.25),Streptococcus pneumoniae (strain JJA),250
A0A368Y667_9BURK,EC:1.1.1.25,Shikimate dehydrogenase (NADP(+)) (SDH) (EC 1.1.1.25),Pseudorhodoferax soli,250
A0A7X8GKA3_9ACTN,EC:1.1.1.25,Shikimate dehydrogenase (NADP(+)) (SDH) (EC 1.1.1.25),Propionibacterium sp,450
A0A2P5NP01_9HYPH,EC:1.1.1.25,Shikimate dehydrogenase (NADP(+)) (SDH) (EC 1.1.1.25),Methylocystis sp,450
A0A974Y437_9RHOO,EC:1.1.1.25,Shikimate dehydrogenase (NADP(+)) (SDH) (EC 1.1.1.25),Azospira restricta,250
A0A847EC57_9BACT,EC:1.1.1.25,Multifunctional fusion protein [Includes: 3-dehydroquinate dehydratase (3-dehydroquinase) (EC 4.2.1.10) (Type I DHQase) (Type I dehydroquinase) (DHQ1); Shikimate dehydrogenase (NADP(+)) (SDH) (EC 1.1.1.25)],Smithella sp,450
A0A952JZG3_9SPHN,EC:1.1.1.25,Shikimate dehydrogenase (NADP(+)) (SDH) (EC 1.1.1.25),Sphingopyxis sp,450
A0A924SB13_9CAUL,EC:1.1.1.25,Shikimate dehydrogenase (NADP(+)) (SDH) (EC 1.1.1.25),Caulobacter sp,450
A0A3D1P311_9SPHN,EC:1.1.1.25,Shikimate dehydrogenase (NADP(+)) (SDH) (EC 1.1.1.25),Novosphingobium sp,450
AROE_STAAC,EC:1.1.1.25,Shikimate dehydrogenase (NADP(+)) (SDH) (EC 1.1.1.25),Staphylococcus aureus (strain COL),250
A0A0B5S2L1_BACMY,EC:1.1.1.26,"2-hydroxyacid dehydrogenase (EC 1.1.1.-) (Glyoxylate reductase (EC 1.1.1.26, EC 1.1.1.79, EC 1.1.1.81))",Bacillus mycoides,250
A0A2U3QB05_9BRAD,EC:1.1.1.26,Glyoxylate reductase (EC 1.1.1.26),Bradyrhizobium vignae,250
A0A5E7ZLI5_9SPHN,EC:1.1.1.26,Glyoxylate reductase (EC 1.1.1.26),Sphingomonas aurantiaca,250
A0A7W9A5B5_9CAUL,EC:1.1.1.26,Glyoxylate reductase (EC 1.1.1.26),Brevundimonas halotolerans,250
A0A2D2C0T8_9RHOB,EC:1.1.1.26,"D-glycerate dehydrogenase (EC 1.1.1.26, EC 1.1.1.79, EC 1.1.1.81)",Paracoccus yeei,250
A0A1W1I9U0_9BACT,EC:1.1.1.26,Glyoxylate reductase (EC 1.1.1.26),Nitrospira japonica,250
A0A7W7M449_9MICC,EC:1.1.1.26,Glyoxylate reductase (EC 1.1.1.26),Micrococcus cohnii,250
J7QHM0_METSZ,EC:1.1.1.26,Glyoxylate reductase (EC 1.1.1.26),Methylocystis sp. (strain SC2),150
A0A1Y5PZ67_9SPHN,EC:1.1.1.26,Glyoxylate reductase (EC 1.1.1.26),uncultured Sphingopyxis sp,450
B0T7B4_CAUSK,EC:1.1.1.26,Glyoxylate reductase (EC 1.1.1.26),Caulobacter sp. (strain K31),150
A0A7Z0BUI3_9SPHN,EC:1.1.1.26,Glyoxylate reductase (EC 1.1.1.26),Novosphingobium marinum,250
A0AAJ2THE9_9FIRM,EC:1.1.1.261,Sn-glycerol-1-phosphate dehydrogenase (EC 1.1.1.261),Acetobacterium sp. K1/6,150
K7RU96_ACIA4,EC:1.1.1.261,3-dehydroquinate synthase (EC 1.1.1.261),Acidipropionibacterium acidipropionici (strain ATCC 4875 / DSM 20272 / JCM 6432 / NBRC 12425 / NCIMB 8070 / 4) (Propionibacterium acidipropionici),150
PDXA_ECTM1,EC:1.1.1.262,4-hydroxythreonine-4-phosphate dehydrogenase (EC 1.1.1.262) (4-(phosphohydroxy)-L-threonine dehydrogenase),Ectopseudomonas mendocina (strain ymp) (Pseudomonas mendocina),250
A0A398CAL3_9BURK,EC:1.1.1.262,4-hydroxythreonine-4-phosphate dehydrogenase PdxA (EC 1.1.1.262),Simplicispira hankyongi,250
A0A543LL76_9BURK,EC:1.1.1.262,4-hydroxythreonine-4-phosphate dehydrogenase (EC 1.1.1.262) (4-(phosphohydroxy)-L-threonine dehydrogenase),Acidovorax temperans,250
A0A833GRL6_9RHOO,EC:1.1.1.262,4-hydroxythreonine-4-phosphate dehydrogenase (EC 1.1.1.262) (4-(phosphohydroxy)-L-threonine dehydrogenase),Dechloromonas sp,450
A0A432QPH9_9BACT,EC:1.1.1.262,4-hydroxythreonine-4-phosphate dehydrogenase (EC 1.1.1.262) (4-(phosphohydroxy)-L-threonine dehydrogenase),Desulfobulbus sp,450
A0A8J7X450_9GAMM,EC:1.1.1.262,4-hydroxythreonine-4-phosphate dehydrogenase (EC 1.1.1.262) (4-(phosphohydroxy)-L-threonine dehydrogenase),Silanimonas sp,450
A0A935MVJ6_9RHOO,EC:1.1.1.262,4-hydroxythreonine-4-phosphate dehydrogenase (EC 1.1.1.262) (4-(phosphohydroxy)-L-threonine dehydrogenase),Propionivibrio sp,450
A0A0M7GNY9_9BURK,EC:1.1.1.262,4-hydroxythreonine-4-phosphate dehydrogenase 2 (EC 1.1.1.262),Achromobacter sp,450
A0A2V3V5F0_9SPHN,EC:1.1.1.262,4-hydroxythreonine-4-phosphate dehydrogenase (EC 1.1.1.262) (4-(phosphohydroxy)-L-threonine dehydrogenase),Blastomonas natatoria,250
A0A9E2RRA3_BRASZ,EC:1.1.1.262,4-hydroxythreonine-4-phosphate dehydrogenase (EC 1.1.1.262) (4-(phosphohydroxy)-L-threonine dehydrogenase),Bradyrhizobium sp,450
A0A525HK21_SPHSX,EC:1.1.1.262,4-hydroxythreonine-4-phosphate dehydrogenase (EC 1.1.1.262) (4-(phosphohydroxy)-L-threonine dehydrogenase),Sphingomonas sp,450
A0A2D8FQX5_9CAUL,EC:1.1.1.262,4-hydroxythreonine-4-phosphate dehydrogenase (EC 1.1.1.262) (4-(phosphohydroxy)-L-threonine dehydrogenase),Brevundimonas sp,450
A0A2D8X468_PARSX,EC:1.1.1.262,4-hydroxythreonine-4-phosphate dehydrogenase (EC 1.1.1.262) (4-(phosphohydroxy)-L-threonine dehydrogenase),Paracoccus sp,450
A0A519EW74_9BURK,EC:1.1.1.262,4-hydroxythreonine-4-phosphate dehydrogenase (EC 1.1.1.262) (4-(phosphohydroxy)-L-threonine dehydrogenase),Variovorax sp,450
A0A532DFS7_9BACT,EC:1.1.1.262,4-hydroxythreonine-4-phosphate dehydrogenase (EC 1.1.1.262) (4-(phosphohydroxy)-L-threonine dehydrogenase),Nitrospira sp,450
A0A933Z156_9BACT,EC:1.1.1.262,4-hydroxythreonine-4-phosphate dehydrogenase PdxA (EC 1.1.1.262),Desulfovibrio sp,450
A0A521PUI8_9CAUL,EC:1.1.1.262,4-hydroxythreonine-4-phosphate dehydrogenase (EC 1.1.1.262) (4-(phosphohydroxy)-L-threonine dehydrogenase),Phenylobacterium sp,450
A0A940RRC8_9GAMM,EC:1.1.1.262,4-hydroxythreonine-4-phosphate dehydrogenase (EC 1.1.1.262) (4-(phosphohydroxy)-L-threonine dehydrogenase),Pseudoxanthomonas sp,450
A0A1F2PGT2_9FIRM,EC:1.1.1.262,4-hydroxythreonine-4-phosphate dehydrogenase 2 (EC 1.1.1.262),Acetobacterium wieringae,250
A0A9D5Z3P9_9GAMM,EC:1.1.1.262,4-hydroxythreonine-4-phosphate dehydrogenase (EC 1.1.1.262) (4-(phosphohydroxy)-L-threonine dehydrogenase),Shewanella sp,450
A0A2P5NTY0_9HYPH,EC:1.1.1.262,4-hydroxythreonine-4-phosphate dehydrogenase (EC 1.1.1.262) (4-(phosphohydroxy)-L-threonine dehydrogenase),Methylocystis sp,450
A0A975XU00_9RHOO,EC:1.1.1.262,4-hydroxythreonine-4-phosphate dehydrogenase (EC 1.1.1.262) (4-(phosphohydroxy)-L-threonine dehydrogenase),Azospira inquinata,250
A0A952EIJ4_9SPHN,EC:1.1.1.262,4-hydroxythreonine-4-phosphate dehydrogenase (EC 1.1.1.262) (4-(phosphohydroxy)-L-threonine dehydrogenase),Sphingopyxis sp,450
A0A940LRU8_9CAUL,EC:1.1.1.262,4-hydroxythreonine-4-phosphate dehydrogenase (EC 1.1.1.262) (4-(phosphohydroxy)-L-threonine dehydrogenase),Caulobacter sp,450
A0A9D7QR31_9SPHN,EC:1.1.1.262,4-hydroxythreonine-4-phosphate dehydrogenase (EC 1.1.1.262) (4-(phosphohydroxy)-L-threonine dehydrogenase),Novosphingobium sp,450
A0A0M7PMA0_9BURK,EC:1.1.1.264,L-idonate 5-dehydrogenase (EC 1.1.1.264),Achromobacter sp,450
A0A2U3Q089_9BRAD,EC:1.1.1.264,"L-idonate 5-dehydrogenase, NAD-binding (EC 1.1.1.264)",Bradyrhizobium vignae,250
A0A386UIR4_9RHOB,EC:1.1.1.264,L-idonate 5-dehydrogenase (EC 1.1.1.264),Paracoccus yeei,250
DXR_ECTM1,EC:1.1.1.267,1-deoxy-D-xylulose 5-phosphate reductoisomerase (DXP reductoisomerase) (EC 1.1.1.267) (1-deoxyxylulose-5-phosphate reductoisomerase) (2-C-methyl-D-erythritol 4-phosphate synthase),Ectopseudomonas mendocina (strain ymp) (Pseudomonas mendocina),250
A0A2S0MWI0_9BURK,EC:1.1.1.267,1-deoxy-D-xylulose 5-phosphate reductoisomerase (DXP reductoisomerase) (EC 1.1.1.267) (1-deoxyxylulose-5-phosphate reductoisomerase) (2-C-methyl-D-erythritol 4-phosphate synthase),Simplicispira suum,250
A0A519MFM8_9BURK,EC:1.1.1.267,1-deoxy-D-xylulose 5-phosphate reductoisomerase (DXP reductoisomerase) (EC 1.1.1.267) (1-deoxyxylulose-5-phosphate reductoisomerase) (2-C-methyl-D-erythritol 4-phosphate synthase),Acidovorax sp,450
A0A6N1XED3_9RHOO,EC:1.1.1.267,1-deoxy-D-xylulose 5-phosphate reductoisomerase (DXP reductoisomerase) (EC 1.1.1.267) (1-deoxyxylulose-5-phosphate reductoisomerase) (2-C-methyl-D-erythritol 4-phosphate synthase),Dechloromonas sp,450
A0A432Q7H8_9BACT,EC:1.1.1.267,1-deoxy-D-xylulose 5-phosphate reductoisomerase (DXP reductoisomerase) (EC 1.1.1.267) (1-deoxyxylulose-5-phosphate reductoisomerase) (2-C-methyl-D-erythritol 4-phosphate synthase),Desulfobulbus sp,450
A0A8J7X2U2_9GAMM,EC:1.1.1.267,1-deoxy-D-xylulose 5-phosphate reductoisomerase (DXP reductoisomerase) (EC 1.1.1.267) (1-deoxyxylulose-5-phosphate reductoisomerase) (2-C-methyl-D-erythritol 4-phosphate synthase),Silanimonas sp,450
A0A937C571_9RHOO,EC:1.1.1.267,1-deoxy-D-xylulose 5-phosphate reductoisomerase (DXP reductoisomerase) (EC 1.1.1.267) (1-deoxyxylulose-5-phosphate reductoisomerase) (2-C-methyl-D-erythritol 4-phosphate synthase),Propionivibrio sp,450
A0A0M7L589_9BURK,EC:1.1.1.267,1-deoxy-D-xylulose 5-phosphate reductoisomerase (DXP reductoisomerase) (EC 1.1.1.267) (1-deoxyxylulose-5-phosphate reductoisomerase) (2-C-methyl-D-erythritol 4-phosphate synthase),Achromobacter sp,450
A0A2V3USS5_9SPHN,EC:1.1.1.267,1-deoxy-D-xylulose 5-phosphate reductoisomerase (DXP reductoisomerase) (EC 1.1.1.267) (1-deoxyxylulose-5-phosphate reductoisomerase) (2-C-methyl-D-erythritol 4-phosphate synthase),Blastomonas natatoria,250
DXR1_BACAN,EC:1.1.1.267,1-deoxy-D-xylulose 5-phosphate reductoisomerase 1 (DXP reductoisomerase 1) (EC 1.1.1.267) (1-deoxyxylulose-5-phosphate reductoisomerase 1) (2-C-methyl-D-erythritol 4-phosphate synthase 1),Bacillus anthracis,250
A0A973MXS3_BRASZ,EC:1.1.1.267,1-deoxy-D-xylulose 5-phosphate reductoisomerase (DXP reductoisomerase) (EC 1.1.1.267) (1-deoxyxylulose-5-phosphate reductoisomerase) (2-C-methyl-D-erythritol 4-phosphate synthase),Bradyrhizobium sp,450
A0A2W6VH19_SPHSX,EC:1.1.1.267,1-deoxy-D-xylulose 5-phosphate reductoisomerase (DXP reductoisomerase) (EC 1.1.1.267) (1-deoxyxylulose-5-phosphate reductoisomerase) (2-C-methyl-D-erythritol 4-phosphate synthase),Sphingomonas sp,450
A0A2W6XDB8_9CAUL,EC:1.1.1.267,1-deoxy-D-xylulose 5-phosphate reductoisomerase (DXP reductoisomerase) (EC 1.1.1.267) (1-deoxyxylulose-5-phosphate reductoisomerase) (2-C-methyl-D-erythritol 4-phosphate synthase),Brevundimonas sp,450
A0A2D8WZT4_PARSX,EC:1.1.1.267,1-deoxy-D-xylulose 5-phosphate reductoisomerase (DXP reductoisomerase) (EC 1.1.1.267) (1-deoxyxylulose-5-phosphate reductoisomerase) (2-C-methyl-D-erythritol 4-phosphate synthase),Paracoccus sp,450
A0A519H591_9BURK,EC:1.1.1.267,1-deoxy-D-xylulose 5-phosphate reductoisomerase (DXP reductoisomerase) (EC 1.1.1.267) (1-deoxyxylulose-5-phosphate reductoisomerase) (2-C-methyl-D-erythritol 4-phosphate synthase),Variovorax sp,450
A0A532C5K1_9BACT,EC:1.1.1.267,1-deoxy-D-xylulose 5-phosphate reductoisomerase (DXP reductoisomerase) (EC 1.1.1.267) (1-deoxyxylulose-5-phosphate reductoisomerase) (2-C-methyl-D-erythritol 4-phosphate synthase),Nitrospira sp,450
A0A349HJR5_9BACT,EC:1.1.1.267,1-deoxy-D-xylulose 5-phosphate reductoisomerase (DXP reductoisomerase) (EC 1.1.1.267) (1-deoxyxylulose-5-phosphate reductoisomerase) (2-C-methyl-D-erythritol 4-phosphate synthase),Desulfovibrio sp,450
A0A8H9XEQ9_9CAUL,EC:1.1.1.267,1-deoxy-D-xylulose 5-phosphate reductoisomerase (DXP reductoisomerase) (EC 1.1.1.267) (1-deoxyxylulose-5-phosphate reductoisomerase) (2-C-methyl-D-erythritol 4-phosphate synthase),Phenylobacterium sp,450
A0A940MA55_9GAMM,EC:1.1.1.267,1-deoxy-D-xylulose 5-phosphate reductoisomerase (DXP reductoisomerase) (EC 1.1.1.267) (1-deoxyxylulose-5-phosphate reductoisomerase) (2-C-methyl-D-erythritol 4-phosphate synthase),Pseudoxanthomonas sp,450
A0A7X6WJX5_9FIRM,EC:1.1.1.267,1-deoxy-D-xylulose 5-phosphate reductoisomerase (DXP reductoisomerase) (EC 1.1.1.267) (1-deoxyxylulose-5-phosphate reductoisomerase) (2-C-methyl-D-erythritol 4-phosphate synthase),Erysipelothrix sp,450
A0A8J8L0E8_9BACT,EC:1.1.1.267,1-deoxy-D-xylulose 5-phosphate reductoisomerase (DXP reductoisomerase) (EC 1.1.1.267) (1-deoxyxylulose-5-phosphate reductoisomerase) (2-C-methyl-D-erythritol 4-phosphate synthase),Geothrix sp,450
A0A0L6U1W3_9FIRM,EC:1.1.1.267,1-deoxy-D-xylulose 5-phosphate reductoisomerase (DXP reductoisomerase) (EC 1.1.1.267) (1-deoxyxylulose-5-phosphate reductoisomerase) (2-C-methyl-D-erythritol 4-phosphate synthase),Acetobacterium bakii,250
DXR_SHEB2,EC:1.1.1.267,1-deoxy-D-xylulose 5-phosphate reductoisomerase (DXP reductoisomerase) (EC 1.1.1.267) (1-deoxyxylulose-5-phosphate reductoisomerase) (2-C-methyl-D-erythritol 4-phosphate synthase),Shewanella baltica (strain OS223),150
A0A9C7ERZ7_9THEO,EC:1.1.1.267,1-deoxy-D-xylulose 5-phosphate reductoisomerase (DXP reductoisomerase) (EC 1.1.1.267) (1-deoxyxylulose-5-phosphate reductoisomerase) (2-C-methyl-D-erythritol 4-phosphate synthase),Gelria sp. Kuro-4,150
A0AAP3AHY7_MICLU,EC:1.1.1.267,1-deoxy-D-xylulose 5-phosphate reductoisomerase (DXP reductoisomerase) (EC 1.1.1.267) (1-deoxyxylulose-5-phosphate reductoisomerase) (2-C-methyl-D-erythritol 4-phosphate synthase),Micrococcus luteus (Micrococcus lysodeikticus),250
A0A359B6J7_9FIRM,EC:1.1.1.267,1-deoxy-D-xylulose 5-phosphate reductoisomerase (DXP reductoisomerase) (EC 1.1.1.267) (1-deoxyxylulose-5-phosphate reductoisomerase) (2-C-methyl-D-erythritol 4-phosphate synthase),Desulfotomaculum sp,450
A0A368X828_9BURK,EC:1.1.1.267,1-deoxy-D-xylulose 5-phosphate reductoisomerase (DXP reductoisomerase) (EC 1.1.1.267) (1-deoxyxylulose-5-phosphate reductoisomerase) (2-C-methyl-D-erythritol 4-phosphate synthase),Pseudorhodoferax soli,250
A0A7X9LBC9_9ACTN,EC:1.1.1.267,1-deoxy-D-xylulose 5-phosphate reductoisomerase (DXP reductoisomerase) (EC 1.1.1.267) (1-deoxyxylulose-5-phosphate reductoisomerase) (2-C-methyl-D-erythritol 4-phosphate synthase),Propionibacterium sp,450
A0A2P5NSZ8_9HYPH,EC:1.1.1.267,1-deoxy-D-xylulose 5-phosphate reductoisomerase (DXP reductoisomerase) (EC 1.1.1.267) (1-deoxyxylulose-5-phosphate reductoisomerase) (2-C-methyl-D-erythritol 4-phosphate synthase),Methylocystis sp,450
A0A974PWE2_9RHOO,EC:1.1.1.267,1-deoxy-D-xylulose 5-phosphate reductoisomerase (DXP reductoisomerase) (EC 1.1.1.267) (1-deoxyxylulose-5-phosphate reductoisomerase) (2-C-methyl-D-erythritol 4-phosphate synthase),Azospira restricta,250
A0A846ZX08_9BACT,EC:1.1.1.267,1-deoxy-D-xylulose 5-phosphate reductoisomerase (DXP reductoisomerase) (EC 1.1.1.267) (1-deoxyxylulose-5-phosphate reductoisomerase) (2-C-methyl-D-erythritol 4-phosphate synthase),Smithella sp,450
A0A952BQS5_9SPHN,EC:1.1.1.267,1-deoxy-D-xylulose 5-phosphate reductoisomerase (DXP reductoisomerase) (EC 1.1.1.267) (1-deoxyxylulose-5-phosphate reductoisomerase) (2-C-methyl-D-erythritol 4-phosphate synthase),Sphingopyxis sp,450
A0A924N0J4_9CAUL,EC:1.1.1.267,1-deoxy-D-xylulose 5-phosphate reductoisomerase (DXP reductoisomerase) (EC 1.1.1.267) (1-deoxyxylulose-5-phosphate reductoisomerase) (2-C-methyl-D-erythritol 4-phosphate synthase),Caulobacter sp,450
A0A9D7LVK7_9SPHN,EC:1.1.1.267,1-deoxy-D-xylulose 5-phosphate reductoisomerase (DXP reductoisomerase) (EC 1.1.1.267) (1-deoxyxylulose-5-phosphate reductoisomerase) (2-C-methyl-D-erythritol 4-phosphate synthase),Novosphingobium sp,450
A0A0M7MPT0_9BURK,EC:1.1.1.27,L-lactate dehydrogenase (EC 1.1.1.27),Achromobacter sp,450
LDH_GEOSE,EC:1.1.1.27,L-lactate dehydrogenase (L-LDH) (EC 1.1.1.27),Geobacillus stearothermophilus (Bacillus stearothermophilus),250
A0A7C6SHR8_9FIRM,EC:1.1.1.27,L-lactate dehydrogenase (L-LDH) (EC 1.1.1.27),Erysipelothrix sp,450
A0AAX0VKH6_MICLU,EC:1.1.1.27,L-lactate dehydrogenase (L-LDH) (EC 1.1.1.27),Micrococcus luteus (Micrococcus lysodeikticus),250
A0A349U6N4_9FIRM,EC:1.1.1.27,L-lactate dehydrogenase (L-LDH) (EC 1.1.1.27),Desulfotomaculum sp,450
LDH1_LACLC,EC:1.1.1.27,L-lactate dehydrogenase 1 (L-LDH 1) (EC 1.1.1.27),Lactococcus lactis subsp. cremoris (Streptococcus cremoris),250
A0A7X8APW8_9ACTN,EC:1.1.1.27,L-lactate dehydrogenase (L-LDH) (EC 1.1.1.27),Propionibacterium sp,450
LDH1_STAAC,EC:1.1.1.27,L-lactate dehydrogenase 1 (L-LDH 1) (EC 1.1.1.27),Staphylococcus aureus (strain COL),250
A0A1G8E0U5_9RHOO,EC:1.1.1.271,"GDP-L-fucose synthase (EC 1.1.1.271) (GDP-4-keto-6-deoxy-D-mannose-3,5-epimerase-4-reductase)",Propionivibrio dicarboxylicus,250
A0A9E3FP77_BRASZ,EC:1.1.1.271,"GDP-L-fucose synthase (EC 1.1.1.271) (GDP-4-keto-6-deoxy-D-mannose-3,5-epimerase-4-reductase)",Bradyrhizobium sp,450
A0A519QG41_9CAUL,EC:1.1.1.271,"GDP-L-fucose synthase (EC 1.1.1.271) (GDP-4-keto-6-deoxy-D-mannose-3,5-epimerase-4-reductase)",Brevundimonas sp,450
A0A2D8X207_PARSX,EC:1.1.1.271,"GDP-L-fucose synthase (EC 1.1.1.271) (GDP-4-keto-6-deoxy-D-mannose-3,5-epimerase-4-reductase)",Paracoccus sp,450
A0A532DI86_9BACT,EC:1.1.1.271,"Multifunctional fusion protein [Includes: GDP-mannose 4,6-dehydratase (EC 4.2.1.47) (GDP-D-mannose dehydratase); GDP-L-fucose synthase (EC 1.1.1.271) (GDP-4-keto-6-deoxy-D-mannose-3,5-epimerase-4-reductase)]",Nitrospira sp,450
A0A8J8HJ04_9BACT,EC:1.1.1.271,"GDP-L-fucose synthase (EC 1.1.1.271) (GDP-4-keto-6-deoxy-D-mannose-3,5-epimerase-4-reductase)",Geothrix sp,450
A0A0S9M771_9BURK,EC:1.1.1.271,"GDP-L-fucose synthase (EC 1.1.1.271) (GDP-4-keto-6-deoxy-D-mannose-3,5-epimerase-4-reductase)",Pseudorhodoferax sp. Leaf265,150
A0A974SPF9_9RHOO,EC:1.1.1.271,"GDP-L-fucose synthase (EC 1.1.1.271) (GDP-4-keto-6-deoxy-D-mannose-3,5-epimerase-4-reductase)",Azospira restricta,250
A0A4P1KCV8_9CAUL,EC:1.1.1.276,Serine 3-dehydrogenase (EC 1.1.1.276),Brevundimonas vancanneytii,250
A0A4Q8M1M7_9GAMM,EC:1.1.1.276,SDR family NAD(P)-dependent oxidoreductase (Serine 3-dehydrogenase (EC 1.1.1.276)),Pseudoxanthomonas winnipegensis,250
A0AAQ1P4Q1_9PSED,EC:1.1.1.28,"Fermentative D-lactate dehydrogenase, NAD-dependent (EC 1.1.1.28)",Pseudomonas inefficax,250
A0A369VEU9_9BURK,EC:1.1.1.28,D-lactate dehydrogenase (EC 1.1.1.28),Acidovorax sp. BoFeN1,150
A0A7W5J360_9GAMM,EC:1.1.1.28,D-lactate dehydrogenase (EC 1.1.1.28),Pseudoxanthomonas sp. OG2,150
A0AAU9VDA2_9FIRM,EC:1.1.1.28,D-2-hydroxyacid dehydrogenase (EC 1.1.1.28),Erysipelothrix amsterdamensis,250
A0A094LQL7_9GAMM,EC:1.1.1.28,Lactate dehydrogenase (EC 1.1.1.28),Shewanella mangrovi,250
LDHD_STAAU,EC:1.1.1.28,D-lactate dehydrogenase (D-LDH) (EC 1.1.1.28) (D-specific 2-hydroxyacid dehydrogenase),Staphylococcus aureus,250
A0A514YRH6_PSESP,EC:1.1.1.281,Nucleoside-diphosphate-sugar epimerase (EC 1.1.1.281),Pseudomonas sp,450
A0A519F964_PSESP,EC:1.1.1.284,S-(hydroxymethyl)glutathione dehydrogenase (EC 1.1.1.284),Pseudomonas sp,450
A0A2S0N1I0_9BURK,EC:1.1.1.284,S-(hydroxymethyl)glutathione dehydrogenase (EC 1.1.1.284),Simplicispira suum,250
A0A519IIF5_9BURK,EC:1.1.1.284,S-(hydroxymethyl)glutathione dehydrogenase (EC 1.1.1.284),Acidovorax sp,450
A0A3C1Y2Y1_9BURK,EC:1.1.1.284,S-(hydroxymethyl)glutathione dehydrogenase (EC 1.1.1.284),Achromobacter sp,450
A0A2V3V3R6_9SPHN,EC:1.1.1.284,S-(hydroxymethyl)glutathione dehydrogenase (EC 1.1.1.284),Blastomonas natatoria,250
A0A3R9E225_BACSP,EC:1.1.1.284,S-(hydroxymethyl)glutathione dehydrogenase (EC 1.1.1.284),Bacillus sp,450
A0A525IV57_BRASZ,EC:1.1.1.284,S-(hydroxymethyl)glutathione dehydrogenase (EC 1.1.1.284),Bradyrhizobium sp,450
A0A520JI95_SPHSX,EC:1.1.1.284,S-(hydroxymethyl)glutathione dehydrogenase (EC 1.1.1.284),Sphingomonas sp,450
A0A519PQN2_9CAUL,EC:1.1.1.284,S-(hydroxymethyl)glutathione dehydrogenase (EC 1.1.1.284),Brevundimonas sp,450
FADH_PARDE,EC:1.1.1.284,S-(hydroxymethyl)glutathione dehydrogenase (EC 1.1.1.284) (Alcohol dehydrogenase) (EC 1.1.1.1) (Glutathione-dependent formaldehyde dehydrogenase) (FALDH) (FDH) (GSH-FDH) (EC 1.1.1.-),Paracoccus denitrificans,250
A0A519ELI5_9BURK,EC:1.1.1.284,S-(hydroxymethyl)glutathione dehydrogenase (EC 1.1.1.284),Variovorax sp,450
A0A521PF09_9CAUL,EC:1.1.1.284,S-(hydroxymethyl)glutathione dehydrogenase (EC 1.1.1.284),Phenylobacterium sp,450
A0A286DAB7_9GAMM,EC:1.1.1.284,S-(hydroxymethyl)glutathione dehydrogenase (EC 1.1.1.284),Pseudoxanthomonas wuyuanensis,250
A0A2G1ZEJ3_9GAMM,EC:1.1.1.284,S-(hydroxymethyl)glutathione dehydrogenase (EC 1.1.1.284),Shewanella sp,450
A0A368Y6U6_9BURK,EC:1.1.1.284,S-(hydroxymethyl)glutathione dehydrogenase (EC 1.1.1.284),Pseudorhodoferax soli,250
A0A246K2V3_9SPHN,EC:1.1.1.284,S-(hydroxymethyl)glutathione dehydrogenase (EC 1.1.1.284),Sphingopyxis bauzanensis,250
A0A2N5DCW5_9CAUL,EC:1.1.1.284,S-(hydroxymethyl)glutathione dehydrogenase (EC 1.1.1.284),Caulobacter zeae,250
A0A3D1P1P6_9SPHN,EC:1.1.1.284,S-(hydroxymethyl)glutathione dehydrogenase (EC 1.1.1.284),Novosphingobium sp,450
A0AAQ1P7T0_9PSED,EC:1.1.1.29,Glycerate dehydrogenase (EC 1.1.1.29),Pseudomonas inefficax,250
A0A212KDD8_9BACT,EC:1.1.1.29,Glycerate dehydrogenase (EC 1.1.1.29),uncultured Desulfovibrio sp,450
A0A1S6HW36_9GAMM,EC:1.1.1.29,Lactate dehydrogenase-like oxidoreductase (EC 1.1.1.29),Shewanella psychrophila,250
PDXB_PSEAE,EC:1.1.1.290,Erythronate-4-phosphate dehydrogenase (EC 1.1.1.290),Pseudomonas aeruginosa (strain ATCC 15692 / DSM 22644 / CIP 104116 / JCM 14847 / LMG 12228 / 1C / PRS 101 / PAO1),150
PDXB_SHEB9,EC:1.1.1.290,Erythronate-4-phosphate dehydrogenase (EC 1.1.1.290),Shewanella baltica (strain OS195),150
DHOM_PSECO,EC:1.1.1.3,NAD(+)-dependent homoserine dehydrogenase (NAD(+)-dependent HSD) (EC 1.1.1.3),Pseudomonas canavaninivorans,250
A0A2S0MZJ1_9BURK,EC:1.1.1.3,Homoserine dehydrogenase (EC 1.1.1.3),Simplicispira suum,250
A0A519IRS7_9BURK,EC:1.1.1.3,Homoserine dehydrogenase (EC 1.1.1.3),Acidovorax sp,450
A0A5C8A1D2_9RHOO,EC:1.1.1.3,"Bifunctional aspartate kinase/homoserine dehydrogenase I (EC 1.1.1.3, EC 2.7.2.4)",Dechloromonas sp,450
A0A432QGV6_9BACT,EC:1.1.1.3,Homoserine dehydrogenase (EC 1.1.1.3),Desulfobulbus sp,450
A0A935MC15_9RHOO,EC:1.1.1.3,Homoserine dehydrogenase (EC 1.1.1.3),Propionivibrio sp,450
A0A0M7GIJ6_9BURK,EC:1.1.1.3,Homoserine dehydrogenase (EC 1.1.1.3),Achromobacter sp,450
A0A2V3V0C0_9SPHN,EC:1.1.1.3,Homoserine dehydrogenase (EC 1.1.1.3),Blastomonas natatoria,250
A0A1Y6AVT1_9BACI,EC:1.1.1.3,Homoserine dehydrogenase (EC 1.1.1.3),Bacillus mobilis,250
A0A525JNK5_BRASZ,EC:1.1.1.3,Homoserine dehydrogenase (EC 1.1.1.3),Bradyrhizobium sp,450
A0A973NNL2_SPHSX,EC:1.1.1.3,Homoserine dehydrogenase (EC 1.1.1.3),Sphingomonas sp,450
A0A937JCZ1_9CAUL,EC:1.1.1.3,Homoserine dehydrogenase (EC 1.1.1.3),Brevundimonas sp,450
A0A2D8X160_PARSX,EC:1.1.1.3,Homoserine dehydrogenase (EC 1.1.1.3),Paracoccus sp,450
A0A7V8K0F6_9BURK,EC:1.1.1.3,Homoserine dehydrogenase (HDH) (EC 1.1.1.3),Variovorax sp,450
A0A3A0BX17_9BACT,EC:1.1.1.3,Homoserine dehydrogenase (EC 1.1.1.3),Nitrospira sp,450
