pathway	EC1	EC2	EC3	EC4	EC5	EC6	EC7	other_reactions
3-HYDROXYPHENYLACETATE-DEGRADATION-PWY	1.13.11.15	5.3.3.10						RXN-8505 CHMS-DEHYDROGENASE-RXN CARBOXY-OXOHEPT-ENEDIOATE-DECARBOXY-RXN HYDROXYHEPTA-DIENEDIOATE-HYDROXY-RXN 4-HYDROXY-2-KETOPIMELATE-LYSIS-RXN SUCCSEMIALDDEHYDROG-RXN
ALL-CHORISMATE-PWY	2.5.1.19	2.5.1.64						RXN-8992 4OHBENZOATE-OCTAPRENYLTRANSFER-RXN 3-OCTAPRENYL-4-OHBENZOATE-DECARBOX-RXN 2-OCTAPRENYLPHENOL-HYDROX-RXN 2-OCTAPRENYL-6-OHPHENOL-METHY-RXN 2-OCTAPRENYL-6-METHOXYPHENOL-HYDROX-RXN 2-OCTAPRENYL-METHOXY-BENZOQ-METH-RXN OCTAPRENYL-METHYL-METHOXY-BENZOQ-OH-RXN DHHB-METHYLTRANSFER-RXN ENTF-RXN RXN-15889 RXN-15890 ENTDB-RXN ISOCHORMAT-RXN DHBDEHYD-RXN DHBAMPLIG-RXN RXN0-6442 RXN-15891 ENTG-RXN DAHPSYN-RXN 3-DEHYDROQUINATE-SYNTHASE-RXN 3-DEHYDROQUINATE-DEHYDRATASE-RXN RXN-7968 SHIKIMATE-5-DEHYDROGENASE-RXN SHIKIMATE-KINASE-RXN CHORISMATE-SYNTHASE-RXN ANTHRANSYN-RXN PRTRANS-RXN PRAISOM-RXN IGPSYN-RXN RXN0-2381 RXN0-2382 CHORISMATEMUT-RXN PREPHENATEDEHYDRAT-RXN PHEAMINOTRANS-RXN PABASYN-RXN CHORPYRLY-RXN ISOCHORSYN-RXN RXN-9310 O-SUCCINYLBENZOATE-COA-SYN-RXN O-SUCCINYLBENZOATE-COA-LIG-RXN NAPHTHOATE-SYN-RXN RXN-9311 DMK-RXN ADOMET-DMK-METHYLTRANSFER-RXN
ANAEROFRUCAT-PWY								F16BDEPHOS-RXN 3PGAREARR-RXN PEPSYNTH-RXN GLUCOKIN-RXN PGLUCISOM-RXN 6PFRUCTPHOS-RXN F16ALDOLASE-RXN TRIOSEPISOMERIZATION-RXN GAPOXNPHOSPHN-RXN PHOSGLYPHOS-RXN RXN-15513 2PGADEHYDRAT-RXN PEPDEPHOS-RXN L-LACTATE-DEHYDROGENASE-RXN
ANAGLYCOLYSIS-PWY								GLUCOKIN-RXN PGLUCISOM-RXN 6PFRUCTPHOS-RXN F16ALDOLASE-RXN TRIOSEPISOMERIZATION-RXN GAPOXNPHOSPHN-RXN PHOSGLYPHOS-RXN RXN-15513 2PGADEHYDRAT-RXN PEPDEPHOS-RXN
ARG+POLYAMINE-SYN								LYSDECARBOX-RXN RXN0-5217 ORNDECARBOX-RXN ARGDECARBOX-RXN AGMATIN-RXN SAMDECARB-RXN SPERMIDINESYN-RXN CARBPSYN-RXN N-ACETYLTRANSFER-RXN ACETYLGLUTKIN-RXN N-ACETYLGLUTPREDUCT-RXN ACETYLORNTRANSAM-RXN ACETYLORNDEACET-RXN ORNCARBAMTRANSFER-RXN ARGSUCCINSYN-RXN ARGSUCCINLYA-RXN
ARGORNPROST-PWY								ARGININE-DEIMINASE-RXN ORNCARBAMTRANSFER-RXN CARBAMATE-KINASE-RXN ORNITHINE-CYCLODEAMINASE-RXN ORNITHINE-RACEMASE-RXN ORNMUTST-RXN 24-DIAMINOPENTANOATE-DEHYDROGENASE-RXN AKPTHIOL-RXN ORNITHINE-GLU-AMINOTRANSFORASE-RXN SPONTPRO-RXN PYRROLINECARBREDUCT-RXN PROLINE-RACEMASE-RXN PRDABST-RXN
ARGSYN-PWY								CARBPSYN-RXN N-ACETYLTRANSFER-RXN ACETYLGLUTKIN-RXN N-ACETYLGLUTPREDUCT-RXN ACETYLORNTRANSAM-RXN ACETYLORNDEACET-RXN ORNCARBAMTRANSFER-RXN ARGSUCCINSYN-RXN ARGSUCCINLYA-RXN
ARGSYNBSUB-PWY								N-ACETYLTRANSFER-RXN ACETYLGLUTKIN-RXN N-ACETYLGLUTPREDUCT-RXN ACETYLORNTRANSAM-RXN GLUTAMATE-N-ACETYLTRANSFERASE-RXN CARBPSYN-RXN ORNCARBAMTRANSFER-RXN ARGSUCCINSYN-RXN ARGSUCCINLYA-RXN
ARO-PWY	2.5.1.19							DAHPSYN-RXN 3-DEHYDROQUINATE-SYNTHASE-RXN 3-DEHYDROQUINATE-DEHYDRATASE-RXN RXN-7968 SHIKIMATE-5-DEHYDROGENASE-RXN SHIKIMATE-KINASE-RXN CHORISMATE-SYNTHASE-RXN
ASPASN-PWY								ASPAMINOTRANS-RXN ASPARTASE-RXN ASNSYNA-RXN ASPARAGHYD-RXN
AST-PWY								ARGININE-N-SUCCINYLTRANSFERASE-RXN SUCCARGDIHYDRO-RXN SUCCORNTRANSAM-RXN SUCCGLUALDDEHYD-RXN SUCCGLUDESUCC-RXN
BIOTIN-BIOSYNTHESIS-PWY	2.8.1.6							RXN-11475 RXN-11474 RXN-11476 RXN-11477 RXN-11478 RXN-11479 RXN-11480 RXN-11481 RXN-11482 RXN-11483 RXN-11484 DAPASYN-RXN DETHIOBIOTIN-SYN-RXN
BRANCHED-CHAIN-AA-SYN-PWY								RXN-15122 RXN-15121 RXN-15123 ACETOOHBUTSYN-RXN ACETOOHBUTREDUCTOISOM-RXN DIHYDROXYMETVALDEHYDRAT-RXN BRANCHED-CHAINAMINOTRANSFERILEU-RXN ACETOLACTSYN-RXN ACETOLACTREDUCTOISOM-RXN DIHYDROXYISOVALDEHYDRAT-RXN BRANCHED-CHAINAMINOTRANSFERVAL-RXN 2-ISOPROPYLMALATESYN-RXN 3-ISOPROPYLMALISOM-RXN RXN-8991 3-ISOPROPYLMALDEHYDROG-RXN RXN-7800 BRANCHED-CHAINAMINOTRANSFERLEU-RXN
CALVIN-PWY	1.2.1.13							TRIOSEPISOMERIZATION-RXN SEDOBISALDOL-RXN SEDOHEPTULOSE-BISPHOSPHATASE-RXN 1TRANSKETO-RXN RIB5PISOM-RXN RIBULP3EPIM-RXN PHOSPHORIBULOKINASE-RXN RIBULOSE-BISPHOSPHATE-CARBOXYLASE-RXN PHOSGLYPHOS-RXN F16ALDOLASE-RXN F16BDEPHOS-RXN 2TRANSKETO-RXN
CATECHOL-ORTHO-CLEAVAGE-PWY								CATECHOL-12-DIOXYGENASE-RXN MUCONATE-CYCLOISOMERASE-RXN MUCONOLACTONE-DELTA-ISOMERASE-RXN 3-OXOADIPATE-ENOL-LACTONASE-RXN
CENTBENZCOA-PWY	1.3.99.15	4.2.1.100	1.1.1.259					HADTHAUERA-RXN OAHTHAUERA-RXN RXN-8032
CENTFERM-PWY								PYRUFLAVREDUCT-RXN ACETYL-COA-ACETYLTRANSFER-RXN RXN-11662 RXN-11667 BUTYRYL-COA-DEHYDROGENASE-RXN PHOSPHATE-BUTYRYLTRANSFERASE-RXN BUTYRATE-KINASE-RXN
CHLOROPHYLL-SYN								UROGENDECARBOX-RXN RXN0-1461 PROTOPORGENOXI-RXN RXN1F-20 RXN-MG-PROTOPORPHYRIN-METHYLESTER-SYN RXN-5282 RXN-5283 RXN-5284 RXN1F-72 RXN1F-10
COA-PWY								P-PANTOCYSLIG-RXN P-PANTOCYSDECARB-RXN PANTEPADENYLYLTRAN-RXN DEPHOSPHOCOAKIN-RXN
COBALSYN-PWY								DMBPPRIBOSYLTRANS-RXN BTUR2-RXN COBINAMIDEKIN-RXN COBINPGUANYLYLTRANS-RXN COBALAMIN5PSYN-RXN RXN-8770
CODH-PWY	1.5.1.20	1.2.7.4						FORMATE-DEHYDROGENASE-NADP+-RXN METHYLENETHFDEHYDROG-NADP-RXN RXN-5061 METHCOCLTH-RXN METHENYLTHFCYCLOHYDRO-RXN ACETYLSYNCLTH-RXN FORMATETHFLIG-RXN
COLANSYN-PWY	2.7.7.13	1.1.1.271						GLUCOSE-6-PHOSPHATE-1-EPIMERASE-RXN PHOSPHOGLUCMUT-RXN GLUC1PURIDYLTRANS-RXN UGD-RXN UDPGLUCEPIM-RXN PGLUCISOM-RXN MANNPISOM-RXN PHOSMANMUT-RXN GDPMANDEHYDRA-RXN
COMPLETE-ARO-PWY	2.5.1.19							DAHPSYN-RXN 3-DEHYDROQUINATE-SYNTHASE-RXN 3-DEHYDROQUINATE-DEHYDRATASE-RXN RXN-7968 SHIKIMATE-5-DEHYDROGENASE-RXN SHIKIMATE-KINASE-RXN CHORISMATE-SYNTHASE-RXN ANTHRANSYN-RXN PRTRANS-RXN PRAISOM-RXN IGPSYN-RXN RXN0-2381 RXN0-2382 CHORISMATEMUT-RXN PREPHENATEDEHYDRAT-RXN PHEAMINOTRANS-RXN
CRNFORCAT-PWY								CREATININASE-RXN CREATINASE-RXN SARCOX-RXN SARCOSINE-DEHYDROGENASE-RXN
DAPLYSINESYN-PWY								ASPARTATEKIN-RXN ASPARTATE-SEMIALDEHYDE-DEHYDROGENASE-RXN DIHYDRODIPICSYN-RXN RXN-14014 TETHYDPICSUCC-RXN SUCCINYLDIAMINOPIMTRANS-RXN SUCCDIAMINOPIMDESUCC-RXN DIAMINOPIMEPIM-RXN DIAMINOPIMDECARB-RXN
DENITRIFICATION-PWY								RXN-11236 TRANS-RXN0-239 RXN-15838 NITRIC-OXIDE-REDUCTASE-RXN RXN-12130
DENOVOPURINE2-PWY								AMPSYN-RXN ADENYL-KIN-RXN ATPSYN-RXN RXN0-747 ADPREDUCT-RXN DADPKIN-RXN RXN0-745 GMP-SYN-GLUT-RXN GUANYL-KIN-RXN GDPKIN-RXN GDPREDUCT-RXN RXN0-748 DGDPKIN-RXN RXN0-746 SAICARSYN-RXN AICARSYN-RXN AICARTRANSFORM-RXN IMPCYCLOHYDROLASE-RXN RXN0-742 RXN0-743 ADENYLOSUCCINATE-SYNTHASE-RXN IMP-DEHYDROG-RXN PRPPAMIDOTRANS-RXN GLYRIBONUCSYN-RXN GARTRANSFORMYL2-RXN FGAMSYN-RXN AIRS-RXN
DHGLUCONATE-PYR-CAT-PWY	1.1.1.43							RXN0-6373 GLUCONOLACT-RXN GLUCONATE-2-DEHYDROGENASE-RXN DEHYDOGLUCONOKINASE-RXN
DTDPRHAMSYN-PWY								DTDPGLUCOSEPP-RXN DTDPGLUCDEHYDRAT-RXN DTDPDEHYDRHAMEPIM-RXN DTDPDEHYRHAMREDUCT-RXN
ENTBACSYN-PWY								ENTF-RXN RXN-15889 RXN-15890 ENTDB-RXN ISOCHORSYN-RXN ISOCHORMAT-RXN DHBDEHYD-RXN DHBAMPLIG-RXN RXN0-6442 RXN-15891 ENTG-RXN
FAO-PWY								OHBUTYRYL-COA-EPIM-RXN ACYLCOASYN-RXN ACYLCOADEHYDROG-RXN ENOYL-COA-DELTA-ISOM-RXN ENOYL-COA-HYDRAT-RXN OHACYL-COA-DEHYDROG-RXN KETOACYLCOATHIOL-RXN
FASYN-ELONG-PWY								3-OXOACYL-ACP-SYNTH-RXN 3-OXOACYL-ACP-REDUCT-RXN 3-HYDROXYDECANOYL-ACP-DEHYDR-RXN ENOYL-ACP-REDUCT-NADPH-RXN ENOYL-ACP-REDUCT-NADH-RXN
FASYN-INITIAL-PWY	2.3.1.180							ACP-S-ACETYLTRANSFER-RXN ACETYL-COA-CARBOXYLTRANSFER-RXN MALONYL-COA-ACP-TRANSACYL-RXN MALONYL-ACPDECARBOX-RXN 3-OXOACYL-ACP-SYNTH-BASE-RXN
FERMENTATION-PWY								PEPCARBOX-RXN CITSYN-RXN ACONITATEDEHYDR-RXN ACONITATEHYDR-RXN ISOCITDEH-RXN MALATE-DEH-RXN FUMHYDR-RXN R601-RXN PEPDEPHOS-RXN PYRUVFORMLY-RXN PHOSACETYLTRANS-RXN ACETATEKIN-RXN FHLMULTI-RXN ACETALD-DEHYDROG-RXN ALCOHOL-DEHYDROG-RXN DLACTDEHYDROGNAD-RXN
FOLSYN-PWY								METHENYLTHFCYCLOHYDRO-RXN GART-RXN PABASYN-RXN ADCLY-RXN GTP-CYCLOHYDRO-I-RXN H2NEOPTERINP3PYROPHOSPHOHYDRO-RXN DIHYDRONEOPTERIN-MONO-P-DEPHOS-RXN H2NEOPTERINALDOL-RXN H2PTERIDINEPYROPHOSPHOKIN-RXN H2PTEROATESYNTH-RXN DIHYDROFOLATESYNTH-RXN DIHYDROFOLATEREDUCT-RXN
FUC-RHAMCAT-PWY								RXN0-5298 FUCISOM-RXN FUCULOKIN-RXN FUCPALDOL-RXN RXN0-5306 RHAMNISOM-RXN RXN-15356 RHAMNULOKIN-RXN RHAMNULPALDOL-RXN LACTALDDEHYDROG-RXN L-LACTDEHYDROGFMN-RXN LACTALDREDUCT-RXN
FUCCAT-PWY								RXN0-5298 FUCISOM-RXN FUCULOKIN-RXN FUCPALDOL-RXN
GALACT-GLUCUROCAT-PWY								BETA-GLUCURONID-RXN RXN-14693 GLUCUROISOM-RXN MANNONOXIDOREDUCT-RXN MANNONDEHYDRAT-RXN RXN0-5229 GALACTUROISOM-RXN ALTRO-OXIDOREDUCT-RXN ALTRODEHYDRAT-RXN DEOXYGLUCONOKIN-RXN KDPGALDOL-RXN
GALACTARDEG-PWY								GALACTARDEHYDRA-RXN KDGALDOL-RXN TSA-REDUCT-RXN GKI-RXN
GALACTUROCAT-PWY								GALACTUROISOM-RXN ALTRO-OXIDOREDUCT-RXN ALTRODEHYDRAT-RXN DEOXYGLUCONOKIN-RXN KDPGALDOL-RXN
GALLATE-DEGRADATION-I-PWY								RXN-11861 RXN-2462 RXN-9983 RXN-2463 RXN-2464
GALLATE-DEGRADATION-II-PWY								GALLATE-DIOXYGENASE-RXN RXN-9983 RXN-2463 RXN-2464
GLCMANNANAUT-PWY								NAG6PDEACET-RXN GLUCOSAMINE-6-P-DEAMIN-RXN ACNEULY-RXN NANK-RXN NANE-RXN
GLUCARDEG-PWY								GLUCARDEHYDRA-RXN KDGALDOL-RXN TSA-REDUCT-RXN GKI-RXN
GLUCARGALACTSUPER-PWY								GALACTARDEHYDRA-RXN KDGALDOL-RXN TSA-REDUCT-RXN GKI-RXN
GLUCONEO-PWY	1.1.1.39							MALIC-NADP-RXN PEPSYNTH-RXN MALATE-DEH-RXN PEPCARBOXYKIN-RXN 2PGADEHYDRAT-RXN 3PGAREARR-RXN PHOSGLYPHOS-RXN GAPOXNPHOSPHN-RXN F16ALDOLASE-RXN TRIOSEPISOMERIZATION-RXN F16BDEPHOS-RXN PGLUCISOM-RXN
GLUCOSE1PMETAB-PWY								PHOSPHOGLUCMUT-RXN GLUCOSE-6-PHOSPHATE-1-EPIMERASE-RXN GLUCOSE-1-PHOSPHAT-RXN RXN0-6373 GLUCONOLACT-RXN GLUCOKIN-RXN
GLUCUROCAT-PWY								BETA-GLUCURONID-RXN RXN-14693 GLUCUROISOM-RXN MANNONOXIDOREDUCT-RXN MANNONDEHYDRAT-RXN DEOXYGLUCONOKIN-RXN KDPGALDOL-RXN
GLUTORN-PWY								N-ACETYLTRANSFER-RXN ACETYLGLUTKIN-RXN N-ACETYLGLUTPREDUCT-RXN ACETYLORNTRANSAM-RXN ACETYLORNDEACET-RXN
GLYCOCAT-PWY								GLYCOPHOSPHORYL-RXN RXN0-5146 RXN-9025 RXN0-5182 RXN0-5183 AMYLOMALT-RXN RXN66-521 PHOSPHOGLUCMUT-RXN GLUCOSE-6-PHOSPHATE-1-EPIMERASE-RXN
GLYCOGENSYNTH-PWY								GLUCOSE-6-PHOSPHATE-1-EPIMERASE-RXN PHOSPHOGLUCMUT-RXN GLUC1PADENYLTRANS-RXN GLYCOGENSYN-RXN GLYCOGEN-BRANCH-RXN
GLYCOL-GLYOXDEG-PWY								GLYCOLALDREDUCT-RXN GLYCOLALD-DEHYDROG-RXN GLYCOLATEDEHYDRO-RXN MALSYN-RXN
GLYCOLYSIS								GAPOXNPHOSPHN-RXN PHOSGLYPHOS-RXN RXN-15513 3PGAREARR-RXN 2PGADEHYDRAT-RXN PEPDEPHOS-RXN PEPSYNTH-RXN PGLUCISOM-RXN 6PFRUCTPHOS-RXN F16BDEPHOS-RXN F16ALDOLASE-RXN TRIOSEPISOMERIZATION-RXN
GLYCOLYSIS-E-D								GLU6PDEHYDROG-RXN 6PGLUCONOLACT-RXN PGLUCONDEHYDRAT-RXN KDPGALDOL-RXN GAPOXNPHOSPHN-RXN PHOSGLYPHOS-RXN RXN-15513 3PGAREARR-RXN 2PGADEHYDRAT-RXN PEPDEPHOS-RXN PEPSYNTH-RXN PGLUCISOM-RXN 6PFRUCTPHOS-RXN F16BDEPHOS-RXN F16ALDOLASE-RXN TRIOSEPISOMERIZATION-RXN
GLYCOLYSIS-TCA-GLYOX-BYPASS								FUMHYDR-RXN MALATE-DEHYDROGENASE-ACCEPTOR-RXN ISOCITDEH-RXN 2OXOGLUTARATEDEH-RXN SUCCCOASYN-RXN SUCCINATE-DEHYDROGENASE-UBIQUINONE-RXN CITSYN-RXN ACONITATEDEHYDR-RXN ACONITATEHYDR-RXN ISOCIT-CLEAV-RXN MALSYN-RXN MALATE-DEH-RXN GAPOXNPHOSPHN-RXN PHOSGLYPHOS-RXN RXN-15513 3PGAREARR-RXN 2PGADEHYDRAT-RXN PEPDEPHOS-RXN PEPSYNTH-RXN PGLUCISOM-RXN 6PFRUCTPHOS-RXN F16BDEPHOS-RXN F16ALDOLASE-RXN TRIOSEPISOMERIZATION-RXN PYRUVDEH-RXN
GLYOXYLATE-BYPASS								CITSYN-RXN ACONITATEDEHYDR-RXN ACONITATEHYDR-RXN ISOCIT-CLEAV-RXN MALSYN-RXN MALATE-DEH-RXN
GOLPDLCAT-PWY								GLYCDEH-RXN GLYCERONE-KINASE-RXN GLYCEROL-DEHYDRATASE-RXN 13-PROPANEDIOL-DEHYDROGENASE-RXN
HEME-BIOSYNTHESIS-II								UROGENDECARBOX-RXN RXN0-1461 PROTOPORGENOXI-RXN PROTOHEMEFERROCHELAT-RXN
HEMESYN2-PWY								UROGENDECARBOX-RXN HEMN-RXN RXN0-6259 PROTOHEMEFERROCHELAT-RXN
HEXITOLDEGSUPER-PWY								SORB6PDEHYDROG-RXN RXN-14812 MANNPDEHYDROG-RXN 6PFRUCTPHOS-RXN F16ALDOLASE-RXN TRIOSEPISOMERIZATION-RXN F16BDEPHOS-RXN PEPDEPHOS-RXN 3PGAREARR-RXN PEPSYNTH-RXN PHOSGLYPHOS-RXN RXN-15513 2PGADEHYDRAT-RXN GAPOXNPHOSPHN-RXN GALACTITOLPDEHYD-RXN TAGAKIN-RXN TAGAALDOL-RXN
HISDEG-PWY								HISTIDINE-AMMONIA-LYASE-RXN UROCANATE-HYDRATASE-RXN IMIDAZOLONEPROPIONASE-RXN FORMIMINOGLUTAMASE-RXN
HISTSYN-PWY								ATPPHOSPHORIBOSYLTRANS-RXN HISTPRATPHYD-RXN HISTCYCLOHYD-RXN PRIBFAICARPISOM-RXN GLUTAMIDOTRANS-RXN IMIDPHOSDEHYD-RXN HISTAMINOTRANS-RXN HISTIDPHOS-RXN HISTOLDEHYD-RXN HISTALDEHYD-RXN
HOMOSER-METSYN-PWY								HOMSUCTRAN-RXN O-SUCCHOMOSERLYASE-RXN RXN-15131 HOMOCYSMETB12-RXN HOMOCYSMET-RXN
HSERMETANA-PWY								HOMOSERINE-O-ACETYLTRANSFERASE-RXN ACETYLHOMOSER-CYS-RXN HOMOCYSMET-RXN HOMOCYSMETB12-RXN
ILEUSYN-PWY								RXN-15122 RXN-15121 RXN-15123 ACETOOHBUTSYN-RXN ACETOOHBUTREDUCTOISOM-RXN DIHYDROXYMETVALDEHYDRAT-RXN BRANCHED-CHAINAMINOTRANSFERILEU-RXN
KDO-NAGLIPASYN-PWY								UDPNACETYLGLUCOSAMACYLTRANS-RXN UDPACYLGLCNACDEACETYL-RXN UDPHYDROXYMYRGLUCOSAMNACETYLTRANS-RXN LIPIDXSYNTHESIS-RXN LIPIDADISACCHARIDESYNTH-RXN TETRAACYLDISACC4KIN-RXN DARAB5PISOM-RXN KDO-8PSYNTH-RXN KDO-8PPHOSPHAT-RXN CPM-KDOSYNTH-RXN KDOTRANS-RXN KDOTRANS2-RXN PALMITOTRANS-RXN MYRPALMTRAN-RXN LAUROYLACYLTRAN-RXN MYRISTOYLACYLTRAN-RXN
KETOGLUCONMET-PWY	1.1.1.274	1.1.1.264	1.1.1.215					YIAE1-RXN RXN0-7021 GLUCONATE-5-DEHYDROGENASE-RXN GLUCONOKIN-RXN RXN0-7020
LACTOSECAT-PWY								LACTOSE6P-HYDROXY-RXN LACTOSE-6-PHOSPHATE-ISOMERASE-RXN TAGAKIN-RXN TAGAALDOL-RXN
LEU-DEG2-PWY								BRANCHED-CHAINAMINOTRANSFERLEU-RXN 2KETO-4METHYL-PENTANOATE-DEHYDROG-RXN RXN0-2301 METHYLCROTONYL-COA-CARBOXYLASE-RXN METHYLGLUTACONYL-COA-HYDRATASE-RXN HYDROXYMETHYLGLUTARYL-COA-LYASE-RXN
MET-SAM-PWY								ASPARTATEKIN-RXN ASPARTATE-SEMIALDEHYDE-DEHYDROGENASE-RXN HOMOSERDEHYDROG-RXN HOMSUCTRAN-RXN O-SUCCHOMOSERLYASE-RXN RXN-15131 HOMOCYSMETB12-RXN HOMOCYSMET-RXN S-ADENMETSYN-RXN
METH-ACETATE-PWY	1.2.7.4							ACETATEKIN-RXN PHOSACETYLTRANS-RXN ACETYLSYNCLTH-RXN RXN-12908 MTRMBARK-RXN
METHYLGALLATE-DEGRADATION-PWY								METHYLGALLATE-RXN RXN-2462 RXN-9983 RXN-2463 RXN-2464 OXALODECARB-RXN
NAD-BIOSYNTHESIS-II	2.7.7.1							RXN-5822 NADPYROPHOSPHAT-RXN RXN-5841 RIBOSYLNICOTINAMIDE-KINASE-RXN
NADSYN-PWY	1.13.11.6							RXN-8665 ARYLFORMAMIDASE-RXN KYNURENINE-3-MONOOXYGENASE-RXN 3-HYDROXY-KYNURENINASE-RXN RXN-5721 QUINOPRIBOTRANS-RXN NICONUCADENYLYLTRAN-RXN NAD-SYNTH-GLN-RXN
NAGLIPASYN-PWY								UDPNACETYLGLUCOSAMACYLTRANS-RXN UDPACYLGLCNACDEACETYL-RXN UDPHYDROXYMYRGLUCOSAMNACETYLTRANS-RXN LIPIDXSYNTHESIS-RXN LIPIDADISACCHARIDESYNTH-RXN TETRAACYLDISACC4KIN-RXN
NONMEVIPP-PWY	2.7.7.60	2.7.1.148						DXS-RXN DXPREDISOM-RXN RXN0-302 RXN-15878 ISPH2-RXN IPPISOM-RXN RXN0-884
NONOXIPENT-PWY								RIBULP3EPIM-RXN RIB5PISOM-RXN 1TRANSKETO-RXN TRANSALDOL-RXN 2TRANSKETO-RXN
OANTIGEN-PWY	5.4.2.10	2.3.1.157						DTDPGLUCOSEPP-RXN DTDPGLUCDEHYDRAT-RXN DTDPDEHYDRHAMEPIM-RXN DTDPDEHYRHAMREDUCT-RXN PGLUCISOM-RXN L-GLN-FRUCT-6-P-AMINOTRANS-RXN NAG1P-URIDYLTRANS-RXN GALPMUT-RXN
P101-PWY								ASPARTATEKIN-RXN ASPARTATE-SEMIALDEHYDE-DEHYDROGENASE-RXN R101-RXN R102-RXN R103-RXN
P105-PWY								RXN-14971 FUMHYDR-RXN MALATE-DEH-RXN CITSYN-RXN ACONITATEDEHYDR-RXN ACONITATEHYDR-RXN ISOCITDEH-RXN RXN-7774 SUCCSEMIALDDEHYDROG-RXN ISOCIT-CLEAV-RXN MALSYN-RXN
P108-PWY	2.1.3.1							R601-RXN RXN0-268 METHYLMALONYL-COA-MUT-RXN METHYLMALONYL-COA-EPIM-RXN MALATE-DEH-RXN FUMHYDR-RXN
P122-PWY								FRUCTOKINASE-RXN PGLUCISOM-RXN GLUCOKIN-RXN GLU6PDEHYDROG-RXN 6PGLUCONOLACT-RXN 6PGLUCONDEHYDROG-RXN RIBULP3EPIM-RXN PHOSPHOKETOLASE-RXN GAPOXNPHOSPHN-RXN PHOSGLYPHOS-RXN RXN-15513 2PGADEHYDRAT-RXN PEPDEPHOS-RXN DLACTDEHYDROGNAD-RXN L-LACTATE-DEHYDROGENASE-RXN PHOSACETYLTRANS-RXN ACETALD-DEHYDROG-RXN ALCOHOL-DEHYDROG-RXN
P124-PWY								GLUCOKIN-RXN PGLUCISOM-RXN FRUCTOSE-6-PHOSPHATE-PHOSPHOKETOLASE-RXN ACETATEKIN-RXN TRANSALDOL-RXN 1TRANSKETO-RXN RIB5PISOM-RXN RIBULP3EPIM-RXN PHOSPHOKETOLASE-RXN GAPOXNPHOSPHN-RXN PHOSGLYPHOS-RXN 3PGAREARR-RXN 2PGADEHYDRAT-RXN PEPDEPHOS-RXN L-LACTATE-DEHYDROGENASE-RXN
P125-PWY								ACETOLACTATE-DECARBOXYLASE-RXN ACETOLACTSYN-RXN RXN-6081 RXN-11036 RR-BUTANEDIOL-DEHYDROGENASE-RXN
P161-PWY								R141-RXN ALCOHOL-DEHYDROG-RXN ACETALD-DEHYDROG-RXN PHOSACETYLTRANS-RXN ACETATEKIN-RXN
P162-PWY								GLUTAMATE-DEHYDROGENASE-RXN KETOGLUTREDUCT-RXN RXN-1082 RXN-1083 GLUTACONYL-COA-DECARBOXYLASE-RXN RXN-11667 RXN-11662 ACETYL-COA-ACETYLTRANSFER-RXN ACETATE--COA-LIGASE-ADP-FORMING-RXN BUTYRYL-COA-DEHYDROGENASE-RXN R11-RXN
P164-PWY	4.3.1.4	1.2.1.2						GUANINE-DEAMINASE-RXN RXN-8752 RXN0-901 RXN-8755 RXN-7682 R127-RXN R128-RXN R62-RXN R13-RXN R63-RXN GLYCINE-FORMIMINOTRANSFERASE-RXN RXN-7566 ACETATEKIN-RXN METHENYLTHFCYCLOHYDRO-RXN FORMYLTHFDEFORMYL-RXN
P184-PWY	1.2.1.45							PROTOCATECHUATE-45-DIOXYGENASE-RXN R107-RXN RXN-2462 RXN-9983 RXN-2463 RXN-2464 OXALODECARB-RXN
P221-PWY								RUBREDOXIN--NAD+-REDUCTASE-RXN ALKANE-1-MONOOXYGENASE-RXN R221-RXN R222-RXN R223-RXN
P23-PWY								R601-RXN SUCCCOASYN-RXN 2-OXOGLUTARATE-SYNTHASE-RXN ISOCITDEH-RXN ACONITATEHYDR-RXN ACONITATEDEHYDR-RXN ATP-CITRATE-PRO-S--LYASE-RXN PYRUFLAVREDUCT-RXN PEPSYNTH-RXN PEPCARBOX-RXN MALATE-DEH-RXN FUMHYDR-RXN
P261-PWY	4.4.1.19							R229-RXN R230-RXN R231-RXN R232-RXN R233-RXN R234-RXN
P281-PWY	1.14.13.58							R241-RXN R242-RXN R243-RXN R244-RXN RXN-2006 R246-RXN GENTISATE-12-DIOXYGENASE-RXN MALEYLPYRUVATE-ISOMERASE-RXN RXN-10445
P381-PWY	4.1.1.81	2.1.1.130	2.1.1.131	2.1.1.133	1.3.1.54	5.4.1.2		RIBOFLAVINKIN-RXN FMNREDUCT-RXN RXN-8626 RXN-8627 GLURS-RXN GLUTRNAREDUCT-RXN GSAAMINOTRANS-RXN PORPHOBILSYNTH-RXN OHMETHYLBILANESYN-RXN UROGENIIISYN-RXN COBALAMIN5PSYN-RXN RXN-8770 UROPORIIIMETHYLTRANSA-RXN RXN-8675 R321-RXN R322-RXN RXN-13824 RXN-13826 R341-RXN R342-RXN RXN-8771 DMBPPRIBOSYLTRANS-RXN RIBAZOLEPHOSPHAT-RXN R343-RXN R344-RXN R345-RXN RXN-6261 COBINPGUANYLYLTRANS-RXN COBALAMINSYN-RXN
P4-PWY								DIHYDRODIPICSYN-RXN RXN-14014 TETHYDPICSUCC-RXN SUCCINYLDIAMINOPIMTRANS-RXN SUCCDIAMINOPIMDESUCC-RXN DIAMINOPIMEPIM-RXN DIAMINOPIMDECARB-RXN ASPAMINOTRANS-RXN ASPARTATEKIN-RXN ASPARTATE-SEMIALDEHYDE-DEHYDROGENASE-RXN HOMOSERDEHYDROG-RXN HOMOSERKIN-RXN THRESYN-RXN HOMSUCTRAN-RXN O-SUCCHOMOSERLYASE-RXN RXN-15131 HOMOCYSMETB12-RXN HOMOCYSMET-RXN
P42-PWY								PYRUFLAVREDUCT-RXN PYRUVATE-CARBOXYLASE-RXN MALATE-DEH-RXN FUMHYDR-RXN R601-RXN SUCCCOASYN-RXN 2-OXOGLUTARATE-SYNTHASE-RXN
P441-PWY								PHOSACETYLTRANS-RXN ACETATEKIN-RXN NAG6PDEACET-RXN GLUCOSAMINE-6-P-DEAMIN-RXN 6PFRUCTPHOS-RXN F16ALDOLASE-RXN TRIOSEPISOMERIZATION-RXN F16BDEPHOS-RXN 3PGAREARR-RXN PHOSGLYPHOS-RXN RXN-15513 GAPOXNPHOSPHN-RXN PEPDEPHOS-RXN 2PGADEHYDRAT-RXN PEPSYNTH-RXN PYRUVFORMLY-RXN ACETALD-DEHYDROG-RXN ALCOHOL-DEHYDROG-RXN ACNEULY-RXN NANK-RXN NANE-RXN
P461-PWY								SORB6PDEHYDROG-RXN RXN-14812 MANNPDEHYDROG-RXN 6PFRUCTPHOS-RXN F16BDEPHOS-RXN RXN-15513 F16ALDOLASE-RXN TRIOSEPISOMERIZATION-RXN GAPOXNPHOSPHN-RXN PHOSGLYPHOS-RXN 3PGAREARR-RXN 2PGADEHYDRAT-RXN PEPDEPHOS-RXN PHOSACETYLTRANS-RXN ACETATEKIN-RXN PYRUVFORMLY-RXN ACETALD-DEHYDROG-RXN ALCOHOL-DEHYDROG-RXN L-LACTATE-DEHYDROGENASE-RXN PEPSYNTH-RXN
P562-PWY	4.1.2.29							MYO-INOSITOL-2-DEHYDROGENASE-RXN MYO-INOSOSE-2-DEHYDRATASE-RXN RXN-14149 RXN-14150 5-DEHYDRO-2-DEOXYGLUCONOKINASE-RXN RXN-2902
P621-PWY	3.5.2.12							RXN-14376 RXN-14377 RXN-3962 R561-RXN R562-RXN 6-OXOHEXANOATE-OXIDATION-RXN
PANTO-PWY								3-CH3-2-OXOBUTANOATE-OH-CH3-XFER-RXN 2-DEHYDROPANTOATE-REDUCT-RXN PANTOATE-BETA-ALANINE-LIG-RXN PANTOTHENATE-KIN-RXN
PANTOSYN-PWY								ASPDECARBOX-RXN 3-CH3-2-OXOBUTANOATE-OH-CH3-XFER-RXN 2-DEHYDROPANTOATE-REDUCT-RXN PANTOATE-BETA-ALANINE-LIG-RXN PANTOTHENATE-KIN-RXN P-PANTOCYSLIG-RXN P-PANTOCYSDECARB-RXN PANTEPADENYLYLTRAN-RXN DEPHOSPHOCOAKIN-RXN
PENTOSE-P-PWY								GLU6PDEHYDROG-RXN 6PGLUCONOLACT-RXN RXN-9952 6PGLUCONDEHYDROG-RXN RIBULP3EPIM-RXN RIB5PISOM-RXN 1TRANSKETO-RXN TRANSALDOL-RXN 2TRANSKETO-RXN
PEPTIDOGLYCANSYN-PWY								GLUTRACE-RXN UDP-NACMURALA-GLU-LIG-RXN UDP-NACMURALGLDAPLIG-RXN DALADALALIG-RXN UDP-NACMURALGLDAPAALIG-RXN UDPNACETYLGLUCOSAMENOLPYRTRANS-RXN UDPNACETYLMURAMATEDEHYDROG-RXN UDP-NACMUR-ALA-LIG-RXN PHOSNACMURPENTATRANS-RXN NACGLCTRANS-RXN
PHOSLIPSYN-PWY								RXN0-7012 GLYC3PDEHYDROGBIOSYN-RXN RXN-10462 1-ACYLGLYCEROL-3-P-ACYLTRANSFER-RXN CDPDIGLYSYN-RXN PHOSPHAGLYPSYN-RXN PGPPHOSPHA-RXN CARDIOLIPSYN-RXN PHOSPHASERSYN-RXN PHOSPHASERDECARB-RXN
POLYAMINSYN3-PWY								ORNDECARBOX-RXN ARGDECARBOX-RXN AGMATINE-DEIMINASE-RXN N-CARBAMOYLPUTRESCINE-AMIDASE-RXN SAMDECARB-RXN SPERMIDINESYN-RXN SPERMINE-SYNTHASE-RXN
POLYAMSYN-PWY								LYSDECARBOX-RXN RXN0-5217 ORNDECARBOX-RXN ARGDECARBOX-RXN AGMATIN-RXN SAMDECARB-RXN SPERMIDINESYN-RXN
POLYISOPRENSYN-PWY								IPPISOM-RXN GPPSYN-RXN FPPSYN-RXN RXN-8999 RXN-8992
PPGPPMET-PWY								RXN0-6427 GTPPYPHOSKIN-RXN PPPGPPHYDRO-RXN PPGPPSYN-RXN GDPKIN-RXN GDPPYPHOSKIN-RXN
PROTOCATECHUATE-ORTHO-CLEAVAGE-PWY	5.5.1.2							PROTOCATECHUATE-34-DIOXYGENASE-RXN 4-CARBOXYMUCONOLACTONE-DECARBOXYLASE-RXN 3-OXOADIPATE-ENOL-LACTONASE-RXN
PRPP-PWY								CARBPSYN-RXN ASPCARBTRANS-RXN DIHYDROOROT-RXN DIHYDROOROTATE-DEHYDROGENASE-RXN OROTPDECARB-RXN RXN-12002 UDPKIN-RXN CTPSYN-RXN AMPSYN-RXN ADENYL-KIN-RXN ATPSYN-RXN RXN0-747 ADPREDUCT-RXN DADPKIN-RXN RXN0-745 GMP-SYN-GLUT-RXN GUANYL-KIN-RXN GDPKIN-RXN GDPREDUCT-RXN RXN0-748 DGDPKIN-RXN RXN0-746 SAICARSYN-RXN AICARSYN-RXN AICARTRANSFORM-RXN IMPCYCLOHYDROLASE-RXN RXN0-742 RXN0-743 ADENYLOSUCCINATE-SYNTHASE-RXN IMP-DEHYDROG-RXN GLYRIBONUCSYN-RXN GARTRANSFORMYL2-RXN FGAMSYN-RXN AIRS-RXN PRPPSYN-RXN PPENTOMUT-RXN RXN0-1402 RXN0-1401 ATPPHOSPHORIBOSYLTRANS-RXN HISTPRATPHYD-RXN HISTCYCLOHYD-RXN PRIBFAICARPISOM-RXN GLUTAMIDOTRANS-RXN IMIDPHOSDEHYD-RXN HISTAMINOTRANS-RXN HISTIDPHOS-RXN HISTOLDEHYD-RXN HISTALDEHYD-RXN OROPRIBTRANS-RXN PRPPAMIDOTRANS-RXN
PWY-1269								DARAB5PISOM-RXN KDO-8PSYNTH-RXN KDO-8PPHOSPHAT-RXN CPM-KDOSYNTH-RXN
PWY-1361								RXN-2401 RXN-11054 RXN-11053 RXN-2424 RXN-2425 RXN-2441 RXN0-2044 RXN-3641
PWY-1501								MANDELATE-RACEMASE-RXN MANDELATE-DEHYDROGENASE-RXN BENZOYLFORMATE-DECARBOXYLASE-RXN BENZALDEHYDE-DEHYDROGENASE-NADP+-RXN BENZALDEHYDE-DEHYDROGENASE-NAD+-RXN
PWY-1541								RXN0-299 RXN-2301 TAURINE-DEHYDROGENASE-RXN TAURINE-AMINOTRANSFERASE-RXN RXN-2364 PHOSACETYLTRANS-RXN
PWY-181								RXN-961 GPH-RXN RXN-969 GLYCINE-AMINOTRANSFERASE-RXN SERINE-GLYOXYLATE-AMINOTRANSFERASE-RXN GCVMULTI-RXN GLYCERATE-DEHYDROGENASE-RXN GLY3KIN-RXN GLYOHMETRANS-RXN
PWY-1861								R10-RXN R12-RXN 6PFRUCTPHOS-RXN F16ALDOLASE-RXN 2TRANSKETO-RXN TRANSALDOL-RXN 1TRANSKETO-RXN RIBULP3EPIM-RXN RIB5PISOM-RXN
PWY-2941	2.3.1.89							ASPARTATEKIN-RXN ASPARTATE-SEMIALDEHYDE-DEHYDROGENASE-RXN DIHYDRODIPICSYN-RXN RXN-14014 RXN-4822 N-ACETYLDIAMINOPIMELATE-DEACETYLASE-RXN DIAMINOPIMEPIM-RXN DIAMINOPIMDECARB-RXN
PWY-2942								ASPARTATEKIN-RXN ASPARTATE-SEMIALDEHYDE-DEHYDROGENASE-RXN DIHYDRODIPICSYN-RXN RXN-14014 RXN-4821 DIAMINOPIMELATE-DEHYDROGENASE-RXN DIAMINOPIMDECARB-RXN
PWY-3001								RXN-15122 RXN-15121 RXN-15123 ACETOOHBUTSYN-RXN ACETOOHBUTREDUCTOISOM-RXN DIHYDROXYMETVALDEHYDRAT-RXN BRANCHED-CHAINAMINOTRANSFERILEU-RXN ASPARTATEKIN-RXN ASPARTATE-SEMIALDEHYDE-DEHYDROGENASE-RXN HOMOSERDEHYDROG-RXN HOMOSERKIN-RXN THRESYN-RXN ASPAMINOTRANS-RXN
PWY-3661	2.1.1.5							DIMETHYLGLYCINE-DEHYDROGENASE-RXN SARCOX-RXN GLYOHMETRANS-RXN RXN-15125 RXN-15124 RXN-15127
PWY-3781	1.10.2.2							NADH-DEHYDROG-A-RXN CYTOCHROME-C-OXIDASE-RXN SUCCINATE-DEHYDROGENASE-UBIQUINONE-RXN
PWY-4361	5.3.1.23							R145-RXN R82-RXN R83-RXN R147-RXN RXN-15650 RXN-13072
PWY-4722	3.5.2.14							CREATININE-DEAMINASE-RXN N-CARBAMOYLSARCOSINE-AMIDASE-RXN SARCOX-RXN SARCOSINE-DEHYDROGENASE-RXN
PWY-4984	6.3.4.16							ORNCARBAMTRANSFER-RXN ARGSUCCINSYN-RXN ARGSUCCINLYA-RXN ARGINASE-RXN
PWY-5005	2.8.1.6							6-CARBOXYHEXANOATE--COA-LIGASE-RXN 7KAPSYN-RXN DAPASYN-RXN RXN-14930 DETHIOBIOTIN-SYN-RXN
PWY-5022								GABATRANSAM-RXN 4-HYDROXYBUTYRATE-DEHYDROGENASE-RXN RXN-8889 RXN-8890 BUTYRYL-COA-DEHYDROGENASE-RXN R11-RXN GLUTAMATE-DEHYDROGENASE-RXN
PWY-5028								HISTIDINE-AMMONIA-LYASE-RXN UROCANATE-HYDRATASE-RXN IMIDAZOLONEPROPIONASE-RXN FORMIMINOGLUTAMATE-DEIMINASE-RXN N-FORMYLGLUTAMATE-DEFORMYLASE-RXN
PWY-5097								ASPARTATEKIN-RXN ASPARTATE-SEMIALDEHYDE-DEHYDROGENASE-RXN DIHYDRODIPICSYN-RXN RXN-14014 RXN-7737 DIAMINOPIMEPIM-RXN DIAMINOPIMDECARB-RXN
PWY-5100								PYRUFLAVREDUCT-RXN PHOSACETYLTRANS-RXN ACETATEKIN-RXN L-LACTATE-DEHYDROGENASE-RXN
PWY-5101								RXN-7743 R-2-METHYLMALATE-DEHYDRATASE-RXN RXN-7744 RXN-7745 ACETOOHBUTSYN-RXN RXN-16062 DIHYDROXYMETVALDEHYDRAT-RXN BRANCHED-CHAINAMINOTRANSFERILEU-RXN
PWY-5103								METHYLASPARTATE-MUTASE-RXN RXN-7751 RXN-7746 ACETOOHBUTSYN-RXN ACETOOHBUTREDUCTOISOM-RXN DIHYDROXYMETVALDEHYDRAT-RXN BRANCHED-CHAINAMINOTRANSFERILEU-RXN
PWY-5104								PROPIONATE--COA-LIGASE-RXN 2-OXOBUTYRATE-SYNTHASE-RXN ACETOOHBUTSYN-RXN RXN-16062 DIHYDROXYMETVALDEHYDRAT-RXN BRANCHED-CHAINAMINOTRANSFERILEU-RXN
PWY-5121	2.7.7.60	2.7.1.148						DXS-RXN DXPREDISOM-RXN RXN0-302 RXN-15878 ISPH2-RXN RXN0-884 IPPISOM-RXN GPPSYN-RXN FPPSYN-RXN FARNESYLTRANSTRANSFERASE-RXN
PWY-5154	2.1.3.9							N-ACETYLTRANSFER-RXN ACETYLGLUTKIN-RXN N-ACETYLGLUTPREDUCT-RXN ACETYLORNTRANSAM-RXN CARBPSYN-RXN RXN-7933 ARGSUCCINSYN-RXN ARGSUCCINLYA-RXN
PWY-5177								GLUTARYL-COA-DEHYDROG-RXN GLUTACONYL-COA-DECARBOXYLASE-RXN RXN-11667 RXN-11662 ACETYL-COA-ACETYLTRANSFER-RXN
PWY-5178	3.7.1.9	1.3.1.25						CATECHOL-23-DIOXYGENASE-RXN 2-OXOPENT-4-ENOATE-HYDRATASE-RXN MHPELY-RXN ACETALD-DEHYDROG-RXN TOLUENE-SIDE-CHAIN-MONOOXYGENASE-RXN BENZYL-ALC-DEHYDROGENASE-RXN BENZALDEHYDE-DEHYDROGENASE-NAD+-RXN BENZOATE-12-DIOXYGENASE-RXN
PWY-5180								TOLUENE-2-MONOOXYGENASE-RXN O-CRESOL-METHYLCATECHOL-RXN CATECHOL-2-3-DIOXYGENASE-RXN 2-OH-6-OXOHEPTA-2-4-DIENOATE-HYDR-RXN 2-OXOPENT-4-ENOATE-HYDRATASE-RXN MHPELY-RXN ACETALD-DEHYDROG-RXN
PWY-5181	5.5.1.2							3-OXOADIPATE-COA-TRANSFERASE-RXN RXN-3641 TOLUENE-4-MONOOXYGENASE-RXN RXN-16204 RXN-16205 HYDROXYBENZALDEHYDE-OXIDATION-NAD-RXN 4-HYDROXYBENZOATE-3-MONOOXYGENASE-RXN PROTOCATECHUATE-34-DIOXYGENASE-RXN 4-CARBOXYMUCONOLACTONE-DECARBOXYLASE-RXN 3-OXOADIPATE-ENOL-LACTONASE-RXN
PWY-5182								TOLUENE-4-MONOOXYGENASE-RXN M-CRESOL-METHYLCATECHOL-RXN RXN-8041 2-OH-6-OXOHEPTA-2-4-DIENOATE-HYDR-RXN CATECHOL-2-3-DIOXYGENASE-RXN 2-OXOPENT-4-ENOATE-HYDRATASE-RXN MHPELY-RXN ACETALD-DEHYDROG-RXN
PWY-5183	3.7.1.9	1.3.1.25	5.5.1.2					CATECHOL-23-DIOXYGENASE-RXN TOLUENE-SIDE-CHAIN-MONOOXYGENASE-RXN BENZYL-ALC-DEHYDROGENASE-RXN BENZALDEHYDE-DEHYDROGENASE-NAD+-RXN BENZOATE-12-DIOXYGENASE-RXN 3-OXOADIPATE-COA-TRANSFERASE-RXN RXN-3641 TOLUENE-4-MONOOXYGENASE-RXN RXN-16204 RXN-16205 HYDROXYBENZALDEHYDE-OXIDATION-NAD-RXN 4-HYDROXYBENZOATE-3-MONOOXYGENASE-RXN PROTOCATECHUATE-34-DIOXYGENASE-RXN 4-CARBOXYMUCONOLACTONE-DECARBOXYLASE-RXN 3-OXOADIPATE-ENOL-LACTONASE-RXN TOLUENE-2-MONOOXYGENASE-RXN O-CRESOL-METHYLCATECHOL-RXN CATECHOL-2-3-DIOXYGENASE-RXN 2-OH-6-OXOHEPTA-2-4-DIENOATE-HYDR-RXN 2-OXOPENT-4-ENOATE-HYDRATASE-RXN MHPELY-RXN ACETALD-DEHYDROG-RXN
PWY-5188								GLURS-RXN GLUTRNAREDUCT-RXN GSAAMINOTRANS-RXN PORPHOBILSYNTH-RXN OHMETHYLBILANESYN-RXN UROGENIIISYN-RXN
PWY-5189								5-AMINOLEVULINIC-ACID-SYNTHASE-RXN PORPHOBILSYNTH-RXN OHMETHYLBILANESYN-RXN UROGENIIISYN-RXN
PWY-5265	6.3.2.7	6.3.2.10						RXN-11291 RXN-11065 RXN-15521 UDP-NACMURALA-GLU-LIG-RXN DALADALALIG-RXN GLUTRACE-RXN UDPNACETYLGLUCOSAMENOLPYRTRANS-RXN UDPNACETYLMURAMATEDEHYDROG-RXN UDP-NACMUR-ALA-LIG-RXN RXN-8975 RXN-8976 RXN-11339 RXN-11295 RXN-11296 RXN-11297
PWY-5304	1.8.5.2							RXN-8226 RXN-16432 RXN-16433 SULFITE-DEHYDROGENASE-RXN ADENYLYLSULFATE-REDUCTASE-RXN SULFATE-ADENYLYLTRANSFERASE-ADP-RXN
PWY-5345	1.8.4.8							SULFATE-ADENYLYLTRANS-RXN ADENYLYLSULFKIN-RXN SULFITE-REDUCT-RXN HOMOSERINE-O-ACETYLTRANSFERASE-RXN ACETYLHOMOSER-CYS-RXN HOMOCYSMET-RXN HOMOCYSMETB12-RXN ASPARTATEKIN-RXN ASPARTATE-SEMIALDEHYDE-DEHYDROGENASE-RXN HOMOSERDEHYDROG-RXN ASPAMINOTRANS-RXN
PWY-5347								ASPARTATEKIN-RXN ASPARTATE-SEMIALDEHYDE-DEHYDROGENASE-RXN HOMOSERDEHYDROG-RXN HOMSUCTRAN-RXN O-SUCCHOMOSERLYASE-RXN RXN-15131 HOMOCYSMETB12-RXN HOMOCYSMET-RXN ASPAMINOTRANS-RXN
PWY-5384								SUCROSE-PHOSPHORYLASE-RXN PHOSPHOGLUCMUT-RXN GLUCOSE-6-PHOSPHATE-1-EPIMERASE-RXN PGLUCISOM-RXN FRUCTOKINASE-RXN
PWY-5415	3.7.1.9							CATECHOL-23-DIOXYGENASE-RXN 2-OXOPENT-4-ENOATE-HYDRATASE-RXN MHPELY-RXN ACETALD-DEHYDROG-RXN
PWY-5417								CATECHOL-12-DIOXYGENASE-RXN MUCONATE-CYCLOISOMERASE-RXN MUCONOLACTONE-DELTA-ISOMERASE-RXN 3-OXOADIPATE-ENOL-LACTONASE-RXN 3-OXOADIPATE-COA-TRANSFERASE-RXN RXN-3641
PWY-5419	4.1.1.77							CATECHOL-23-DIOXYGENASE-RXN RXN-8527 RXN-8529
PWY-5420	4.1.1.77							CATECHOL-23-DIOXYGENASE-RXN RXN-8527 RXN-8529 2-OXOPENT-4-ENOATE-HYDRATASE-RXN MHPELY-RXN ACETALD-DEHYDROG-RXN
PWY-5430	3.7.1.9	4.1.1.77	1.3.1.25					CATECHOL-23-DIOXYGENASE-RXN RXN-8527 RXN-8529 2-OXOPENT-4-ENOATE-HYDRATASE-RXN MHPELY-RXN ACETALD-DEHYDROG-RXN BENZOATE-12-DIOXYGENASE-RXN
PWY-5431								CATECHOL-12-DIOXYGENASE-RXN MUCONATE-CYCLOISOMERASE-RXN MUCONOLACTONE-DELTA-ISOMERASE-RXN 3-OXOADIPATE-ENOL-LACTONASE-RXN 3-OXOADIPATE-COA-TRANSFERASE-RXN RXN-3641
PWY-5484								6PFRUCTPHOS-RXN F16ALDOLASE-RXN TRIOSEPISOMERIZATION-RXN F16BDEPHOS-RXN PEPDEPHOS-RXN 3PGAREARR-RXN PEPSYNTH-RXN PHOSGLYPHOS-RXN RXN-15513 2PGADEHYDRAT-RXN GAPOXNPHOSPHN-RXN
PWY-5505								GLUTAMINESYN-RXN GLUTAMATE-SYNTHASE-FERREDOXIN-RXN GLUTAMATE-SYNTHASE-NADH-RXN GLUTAMATESYN-RXN GLUTDEHYD-RXN GLUTAMATE-DEHYDROGENASE-NADP+-RXN
PWY-5507	4.1.1.81	4.99.1.3	2.1.1.151					RIBOFLAVINKIN-RXN FMNREDUCT-RXN RXN-8771 RXN-8626 RXN-8627 GLURS-RXN GLUTRNAREDUCT-RXN GSAAMINOTRANS-RXN PORPHOBILSYNTH-RXN OHMETHYLBILANESYN-RXN UROGENIIISYN-RXN UROPORIIIMETHYLTRANSA-RXN RXN-8675 DIMETHUROPORDEHYDROG-RXN RXN-14315 RXN-8761 RXN-8762 RXN-8763 RXN-8764 RXN-8765 RXN-8766 RXN-8767 RXN-8768 RXN-8769 DMBPPRIBOSYLTRANS-RXN R343-RXN R344-RXN R345-RXN RXN-6261 COBINPGUANYLYLTRANS-RXN COBALAMIN5PSYN-RXN RXN-8770
PWY-5509								DMBPPRIBOSYLTRANS-RXN R343-RXN R344-RXN R345-RXN RXN-6261 COBINPGUANYLYLTRANS-RXN COBALAMIN5PSYN-RXN RXN-8770
PWY-5529								5-AMINOLEVULINIC-ACID-SYNTHASE-RXN PORPHOBILSYNTH-RXN OHMETHYLBILANESYN-RXN UROGENIIISYN-RXN UROGENDECARBOX-RXN RXN0-1461 PROTOPORGENOXI-RXN RXN1F-20 RXN-MG-PROTOPORPHYRIN-METHYLESTER-SYN RXN-8797 RXN-8798 RXN-8799 RXN1F-72 RXN-11902 RXN1F-10 RXN-8792 RXN-8793 RXN-8785 RXN-8786 RXN-8787 RXN-8788 RXN-8789 RXN-8790 RXN-8791
PWY-5531								UROGENDECARBOX-RXN RXN0-1461 PROTOPORGENOXI-RXN RXN1F-20 RXN-MG-PROTOPORPHYRIN-METHYLESTER-SYN RXN-8797 RXN-8798 RXN-8799 RXN1F-72 RXN-11902
PWY-5647	1.13.11.6	1.2.1.32	3.5.99.5	4.1.1.77				RXN-8847 RXN-8846 AMINO-CARBOXYMUCONATE-SEMIALDEHYDE-RXN
PWY-5651	1.13.11.6							RXN-8665 ARYLFORMAMIDASE-RXN KYNURENINE-3-MONOOXYGENASE-RXN 3-HYDROXY-KYNURENINASE-RXN
PWY-5654	1.2.1.32	3.5.99.5	4.1.1.77					AMINO-CARBOXYMUCONATE-SEMIALDEHYDE-RXN
PWY-5655	1.13.11.6	1.2.1.32	3.5.99.5	4.1.1.77				2-OXOPENT-4-ENOATE-HYDRATASE-RXN MHPELY-RXN ACETALD-DEHYDROG-RXN RXN-8665 ARYLFORMAMIDASE-RXN KYNURENINE-3-MONOOXYGENASE-RXN 3-HYDROXY-KYNURENINASE-RXN AMINO-CARBOXYMUCONATE-SEMIALDEHYDE-RXN
PWY-5659	2.7.7.13							PGLUCISOM-RXN MANNPISOM-RXN PHOSMANMUT-RXN
PWY-5667								CDPDIGLYSYN-RXN GLYC3PDEHYDROGBIOSYN-RXN RXN-1381 RXN-1623
PWY-5676								ACETYL-COA-ACETYLTRANSFER-RXN RXN-5901 3-HYDROXBUTYRYL-COA-DEHYDRATASE-RXN BUTYRYL-COA-DEHYDROGENASE-RXN PHOSACETYLTRANS-RXN ACETATEKIN-RXN R11-RXN
PWY-5686								CARBPSYN-RXN ASPCARBTRANS-RXN DIHYDROOROT-RXN DIHYDROOROTATE-DEHYDROGENASE-RXN OROPRIBTRANS-RXN OROTPDECARB-RXN
PWY-5695								IMP-DEHYDROG-RXN XMPXAN-RXN XANTHOSINEPHOSPHORY-RXN RXN0-901
PWY-5705								ALLANTOINASE-RXN ALLANTOATE-DEIMINASE-RXN URUR-RXN UREIDOGLYCOLATE-LYASE-RXN
PWY-5741								ACETYL-COA-ACETYLTRANSFER-RXN RXN-5901 3-HYDROXBUTYRYL-COA-DEHYDRATASE-RXN RXN-8957 RXN-16391 RXN-8958 RXN-8959 RXN-8960 RXN-8961 MALYL-COA-LYASE-RXN MALATE--COA-LIGASE-RXN
PWY-5743								RXN-9087 PROPIONYL-COA-CARBOXY-RXN METHYLMALONYL-COA-EPIM-RXN METHYLMALONYL-COA-MUT-RXN RXN-8964 MALYL-COA-LYASE-RXN ACETYL-COA-CARBOXYLTRANSFER-RXN RXN-8963 RXN-8974 RXN-9086 RXN-6383
PWY-5744								RXN-9087 RXN-8961 RXN-8960 RXN-13230 RXN-8965 CITRAMALYL-COA-LYASE-RXN ACETYL-COA-CARBOXYLTRANSFER-RXN RXN-8963 RXN-8974 RXN-9086 RXN-6383
PWY-5747	4.2.1.99							PROPIONATE--COA-LIGASE-RXN 2-METHYLCITRATE-SYNTHASE-RXN RXN-8979 RXN-8977 METHYLISOCITRATE-LYASE-RXN
PWY-5837	2.5.1.64							ISOCHORSYN-RXN RXN-9310 O-SUCCINYLBENZOATE-COA-SYN-RXN O-SUCCINYLBENZOATE-COA-LIG-RXN NAPHTHOATE-SYN-RXN RXN-9311
PWY-5838	2.5.1.64							ISOCHORSYN-RXN RXN-9310 O-SUCCINYLBENZOATE-COA-SYN-RXN O-SUCCINYLBENZOATE-COA-LIG-RXN NAPHTHOATE-SYN-RXN RXN-9311 RXN-8992 DMK-RXN ADOMET-DMK-METHYLTRANSFER-RXN
PWY-5840	2.5.1.64							ISOCHORSYN-RXN RXN-9310 O-SUCCINYLBENZOATE-COA-SYN-RXN O-SUCCINYLBENZOATE-COA-LIG-RXN NAPHTHOATE-SYN-RXN RXN-9311 TRANS-HEXAPRENYLTRANSTRANSFERASE-RXN RXN-9190 RXN-9191
PWY-5845	2.5.1.64							ISOCHORSYN-RXN RXN-9310 O-SUCCINYLBENZOATE-COA-SYN-RXN O-SUCCINYLBENZOATE-COA-LIG-RXN NAPHTHOATE-SYN-RXN RXN-9311 TRANS-OCTAPRENYLTRANSTRANSFERASE-RXN RXN-9204 RXN-9205
PWY-5850	2.5.1.64							ISOCHORSYN-RXN RXN-9310 O-SUCCINYLBENZOATE-COA-SYN-RXN O-SUCCINYLBENZOATE-COA-LIG-RXN NAPHTHOATE-SYN-RXN RXN-9311 TRANS-PENTAPRENYLTRANSFERASE-RXN RXN-9217 RXN-9220
PWY-5855								RXN-9222 RXN-9223 RXN-9224 RXN-9225 RXN-9226 RXN-9227 RXN-9228 RXN-9229
PWY-5856	2.5.1.39	2.1.1.64						RXN-9238 RXN-9239 RXN-9240 RXN-9241 RXN-9242 RXN-9243
PWY-5857								RXN-9230 RXN-9231 RXN-9232 RXN-9233 RXN-9234 RXN-9235 RXN-9236 RXN-9237
PWY-5860	2.5.1.64							ISOCHORSYN-RXN RXN-9310 O-SUCCINYLBENZOATE-COA-SYN-RXN O-SUCCINYLBENZOATE-COA-LIG-RXN NAPHTHOATE-SYN-RXN RXN-9311 TRANS-PENTAPRENYLTRANSFERASE-RXN RXN-9217
PWY-5861	2.5.1.64							ISOCHORSYN-RXN RXN-9310 O-SUCCINYLBENZOATE-COA-SYN-RXN O-SUCCINYLBENZOATE-COA-LIG-RXN NAPHTHOATE-SYN-RXN RXN-9311 RXN-8992 DMK-RXN
PWY-5862	2.5.1.64							ISOCHORSYN-RXN RXN-9310 O-SUCCINYLBENZOATE-COA-SYN-RXN O-SUCCINYLBENZOATE-COA-LIG-RXN NAPHTHOATE-SYN-RXN RXN-9311 TRANS-OCTAPRENYLTRANSTRANSFERASE-RXN RXN-9204
PWY-5863	2.5.1.64							ISOCHORSYN-RXN RXN-9310 O-SUCCINYLBENZOATE-COA-SYN-RXN RXN-7614 NAPHTHOATE-SYN-RXN RXN-9311 RXN-7568 RXN-7569 FARNESYLTRANSTRANSFERASE-RXN RXN-7658 RXN-7659 RXN-7660
PWY-5896	2.5.1.64							ISOCHORSYN-RXN RXN-9310 O-SUCCINYLBENZOATE-COA-SYN-RXN O-SUCCINYLBENZOATE-COA-LIG-RXN NAPHTHOATE-SYN-RXN RXN-9311 RXN-9106 RXN-9358 RXN-9361
PWY-5897	2.5.1.64							RXN-9138 ISOCHORSYN-RXN RXN-9310 O-SUCCINYLBENZOATE-COA-SYN-RXN O-SUCCINYLBENZOATE-COA-LIG-RXN NAPHTHOATE-SYN-RXN RXN-9311 RXN-9359 RXN-9362
PWY-5898	2.5.1.64							RXN-9139 ISOCHORSYN-RXN RXN-9310 O-SUCCINYLBENZOATE-COA-SYN-RXN O-SUCCINYLBENZOATE-COA-LIG-RXN NAPHTHOATE-SYN-RXN RXN-9311 RXN-9360 RXN-9363
PWY-5899	2.5.1.64							RXN-9364 ISOCHORSYN-RXN RXN-9310 O-SUCCINYLBENZOATE-COA-SYN-RXN O-SUCCINYLBENZOATE-COA-LIG-RXN NAPHTHOATE-SYN-RXN RXN-9311 RXN-9365 RXN-9366
PWY-5910	1.1.1.34							ACETYL-COA-ACETYLTRANSFER-RXN HYDROXYMETHYLGLUTARYL-COA-SYNTHASE-RXN MEVALONATE-KINASE-RXN PHOSPHOMEVALONATE-KINASE-RXN DIPHOSPHOMEVALONTE-DECARBOXYLASE-RXN IPPISOM-RXN GPPSYN-RXN FPPSYN-RXN FARNESYLTRANSTRANSFERASE-RXN
PWY-5913								PEPCARBOX-RXN ASPAMINOTRANS-RXN MALATE-DEH-RXN FUMHYDR-RXN RXN-14970 SUCCCOASYN-RXN ACONITATEDEHYDR-RXN ACONITATEHYDR-RXN ISOCITDEH-RXN GLUTDEHYD-RXN CITSYN-RXN
PWY-5918								GLURS-RXN GLUTRNAREDUCT-RXN GSAAMINOTRANS-RXN PORPHOBILSYNTH-RXN OHMETHYLBILANESYN-RXN UROGENIIISYN-RXN UROGENDECARBOX-RXN RXN0-1461 PROTOPORGENOXI-RXN PROTOHEMEFERROCHELAT-RXN
PWY-5920								5-AMINOLEVULINIC-ACID-SYNTHASE-RXN PORPHOBILSYNTH-RXN OHMETHYLBILANESYN-RXN UROGENIIISYN-RXN UROGENDECARBOX-RXN RXN0-1461 PROTOPORGENOXI-RXN PROTOHEMEFERROCHELAT-RXN
PWY-5941	3.2.1.33							GLYCOPHOSPHORYL-RXN RXN-9023 RXN-9024 RXN-9025 RXN66-532
PWY-5971	4.2.1.58	4.2.1.59	3.1.2.21	4.2.1.61				RXN-9514 RXN-9657 RXN-9516 RXN-9518 RXN-9520 RXN-9658 RXN-9523 RXN-9524 RXN-9659 RXN-9527 RXN-9528 RXN-9655 RXN-9660 RXN-9531 RXN-9532 RXN-9533 RXN-9661 RXN-16393 RXN-9535 RXN-9536 RXN-9537 RXN-9662 RXN-9539 RXN-9540 RXN-9663 RXN-9549 RXN-9623
PWY-5973	2.3.1.179							RXN-9556 RXN-9557 RXN-9558 RXN-9555
PWY-5989								RXN-9632 RXN-9633 RXN-9634 RXN-9635 RXN-9548 RXN-16380
PWY-6071								AMINEPHEN-RXN PHENDEHYD-RXN RXN-10819 RXN0-2042 RXN0-6510 RXNMETA-12671 RXNMETA-12672 RXN0-6512 RXN0-6513 RXN0-2044 RXN-3641
PWY-6107								RXN-9914 RXN-9912 RXN-9870 RXN-9892 RXN-9869 RXN-9913 MALEYLACETATE-REDUCTASE-RXN
PWY-6121								PRPPAMIDOTRANS-RXN GLYRIBONUCSYN-RXN GART-RXN FGAMSYN-RXN AIRS-RXN
PWY-6122								PRPPAMIDOTRANS-RXN GLYRIBONUCSYN-RXN GARTRANSFORMYL2-RXN FGAMSYN-RXN AIRS-RXN
PWY-6123								SAICARSYN-RXN AICARSYN-RXN AICARTRANSFORM-RXN IMPCYCLOHYDROLASE-RXN RXN0-742 RXN0-743
PWY-6125								GMP-SYN-GLUT-RXN GUANYL-KIN-RXN GDPKIN-RXN IMP-DEHYDROG-RXN GDPREDUCT-RXN RXN0-748 DGDPKIN-RXN RXN0-746
PWY-6126								ADENYLOSUCCINATE-SYNTHASE-RXN AMPSYN-RXN ADENYL-KIN-RXN ATPSYN-RXN RXN0-747 ADPREDUCT-RXN DADPKIN-RXN RXN0-745
PWY-6147								GTP-CYCLOHYDRO-I-RXN H2NEOPTERINP3PYROPHOSPHOHYDRO-RXN DIHYDRONEOPTERIN-MONO-P-DEPHOS-RXN H2NEOPTERINALDOL-RXN H2PTERIDINEPYROPHOSPHOKIN-RXN
PWY-6151								S-ADENMETSYN-RXN RXN-7605 ADENOSYLHOMOCYSTEINE-NUCLEOSIDASE-RXN RIBOSYLHOMOCYSTEINASE-RXN HOMOCYSMET-RXN
PWY-6163	2.5.1.19							3-DEHYDROQUINATE-DEHYDRATASE-RXN RXN-7968 SHIKIMATE-5-DEHYDROGENASE-RXN SHIKIMATE-KINASE-RXN CHORISMATE-SYNTHASE-RXN
PWY-6174	1.1.1.34							ACETYL-COA-ACETYLTRANSFER-RXN HYDROXYMETHYLGLUTARYL-COA-SYNTHASE-RXN MEVALONATE-KINASE-RXN RXN-10067 RXN-10068 IPPISOM-RXN
PWY-6182								SALICYLATE-1-MONOOXYGENASE-RXN CATECHOL-12-DIOXYGENASE-RXN MUCONATE-CYCLOISOMERASE-RXN MUCONOLACTONE-DELTA-ISOMERASE-RXN 3-OXOADIPATE-ENOL-LACTONASE-RXN 3-OXOADIPATE-COA-TRANSFERASE-RXN RXN-3641
PWY-6185	5.4.99.14							RXN-10080 RXN-10081 RXN-10082 RXN-10083 RXN-10085 RXN-10086
PWY-621								RXN-1461 RXN-1685 GLUCOSE-6-PHOSPHATE-1-EPIMERASE-RXN PGLUCISOM-RXN FRUCTOKINASE-RXN
PWY-6210	1.2.1.32	3.5.99.5	4.1.1.77					RXN-8818
PWY-6263								TRANS-PENTAPRENYLTRANSFERASE-RXN TRANS-HEXAPRENYLTRANSTRANSFERASE-RXN RXN-8992 RXN-10620 RXN-10622 RXN-10623 ADOMET-DMK-METHYLTRANSFER-RXN
PWY-6269								DMBPPRIBOSYLTRANS-RXN BTUR2-RXN R346-RXN RXN-6261 COBINPGUANYLYLTRANS-RXN COBALAMIN5PSYN-RXN RXN-8770
PWY-6277								PRPPAMIDOTRANS-RXN GLYRIBONUCSYN-RXN GARTRANSFORMYL2-RXN FGAMSYN-RXN AIRS-RXN
PWY-6282								RXN-10654 RXN-10655 RXN-10656 RXN-10657 RXN-10658 RXN-10659 RXN-10660 RXN-10661 RXN-9550
PWY-6317								ALDOSE1EPIM-RXN GALACTOKIN-RXN GALACTURIDYLYLTRANS-RXN UDPGLUCEPIM-RXN RXN-10639 BETA-PHOSPHOGLUCOMUTASE-RXN
PWY-6338	1.2.1.67	1.2.1.45						RXN-2 PROTOCATECHUATE-45-DIOXYGENASE-RXN R107-RXN RXN-2462 RXN-9983 RXN-2463 RXN-2464 OXALODECARB-RXN
PWY-6339								OXALODECARB-RXN RXN-10890 METHYLGALLATE-RXN RXN-2462 RXN-10889 RXN-10893 RXN-13747 RXN-10892 GALLATE-DIOXYGENASE-RXN RXN-9983 RXN-2463 RXN-2464
PWY-6353								IMP-DEHYDROG-RXN XMPXAN-RXN XANTHOSINEPHOSPHORY-RXN RXN-7609 RXN0-5199 GUANINE-DEAMINASE-RXN AMP-DEPHOSPHORYLATION-RXN ADENODEAMIN-RXN INOPHOSPHOR-RXN RXN-7682 RXN0-901
PWY-6383	2.5.1.68							IPPISOM-RXN GPPSYN-RXN RXN-11023 RXN-11027
PWY-6385	2.4.1.129							GLUTRACE-RXN UDP-NACMURALA-GLU-LIG-RXN UDP-NACMURALGLDAPLIG-RXN DALADALALIG-RXN UDP-NACMURALGLDAPAALIG-RXN UDPNACETYLGLUCOSAMENOLPYRTRANS-RXN UDPNACETYLMURAMATEDEHYDROG-RXN UDP-NACMUR-ALA-LIG-RXN RXN-11028 RXN-11029 RXN-11031 RXN-11030 RXN-11301
PWY-6386	6.3.2.7	6.3.2.10						UDP-NACMURALA-GLU-LIG-RXN DALADALALIG-RXN GLUTRACE-RXN UDPNACETYLGLUCOSAMENOLPYRTRANS-RXN UDPNACETYLMURAMATEDEHYDROG-RXN UDP-NACMUR-ALA-LIG-RXN
PWY-6387								GLUTRACE-RXN UDP-NACMURALA-GLU-LIG-RXN UDP-NACMURALGLDAPLIG-RXN DALADALALIG-RXN UDP-NACMURALGLDAPAALIG-RXN UDPNACETYLGLUCOSAMENOLPYRTRANS-RXN UDPNACETYLMURAMATEDEHYDROG-RXN UDP-NACMUR-ALA-LIG-RXN
PWY-6396								RXN-11032 SS-BUTANEDIOL-DEHYDROGENASE-RXN RXN-11034 RXN-6081 RXN-11036 ACETOLACTSYN-RXN ACETOLACTATE-DECARBOXYLASE-RXN RXN-11035 RR-BUTANEDIOL-DEHYDROGENASE-RXN
PWY-6397								RXN-11078 RXN-11079 RXN-11080 RXN-11081 UDPGLUCEPIM-RXN GALPMUT-RXN RXN-6380 RXN-11070 RXN-11072 RXN-11075 RXN-11077 RXN-11091 RXN-11082 RXN-11092 RXN-11094 RXN-11093 RXN1G-1633
PWY-6404	2.5.1.68	5.4.2.10	2.3.1.157					PRPPSYN-RXN DTDPGLUCOSEPP-RXN DTDPGLUCDEHYDRAT-RXN DTDPDEHYDRHAMEPIM-RXN DTDPDEHYRHAMREDUCT-RXN IPPISOM-RXN GPPSYN-RXN RXN-11023 RXN-11027 PGLUCISOM-RXN L-GLN-FRUCT-6-P-AMINOTRANS-RXN NAG1P-URIDYLTRANS-RXN RXN-11078 RXN-11079 RXN-11080 RXN-11081 UDPGLUCEPIM-RXN GALPMUT-RXN RXN-6380 RXN-11070 RXN-11072 RXN-11075 RXN-11077 RXN-11091 RXN-11082 RXN-11092 RXN-11094 RXN-11093 RXN1G-1633
PWY-6467								KDOTRANS-RXN KDOTRANS2-RXN RXN-11326 RXN-11323 RXN-11327
PWY-6470	6.3.2.7	6.3.2.10	3.4.17.14					UDP-NACMURALA-GLU-LIG-RXN DALADALALIG-RXN GLUTRACE-RXN UDPNACETYLGLUCOSAMENOLPYRTRANS-RXN UDPNACETYLMURAMATEDEHYDROG-RXN UDP-NACMUR-ALA-LIG-RXN RXN-11347 RXN-11346 RXN-11345 RXN-11344 RXN-11343 RXN-11348 RXN-11349 RXN-15521
PWY-6471	6.3.2.7	6.3.2.10						RXN-11350 RXN-11351 RXN-15521 UDP-NACMURALA-GLU-LIG-RXN DALADALALIG-RXN GLUTRACE-RXN UDPNACETYLGLUCOSAMENOLPYRTRANS-RXN UDPNACETYLMURAMATEDEHYDROG-RXN UDP-NACMUR-ALA-LIG-RXN RXN-8975 RXN-8976 RXN-11339 RXN-11342 RXN-11338
PWY-6478								RXN0-4301 RXN-11364 RXN-11365 RXN-11363
PWY-6505	1.13.11.6	1.2.1.32	3.5.99.5	4.1.1.77				2-OXOPENT-4-ENOATE-HYDRATASE-RXN MHPELY-RXN ACETALD-DEHYDROG-RXN RXN-8665 ARYLFORMAMIDASE-RXN KYNURENINASE-RXN RXN-10724 AMINO-CARBOXYMUCONATE-SEMIALDEHYDE-RXN
PWY-6507	5.3.1.17	1.1.1.127						RXN-16475 DEOXYGLUCONOKIN-RXN KDPGALDOL-RXN
PWY-6519								RXN-11475 RXN-11474 RXN-11476 RXN-11477 RXN-11478 RXN-11479 RXN-11480 RXN-11481 RXN-11482 RXN-11483 RXN-11484
PWY-6545								UDPREDUCT-RXN DUDPKIN-RXN DUTP-PYROP-RXN RXN-8850 DTMPKI-RXN DTDPKIN-RXN RXN-12195 CDPREDUCT-RXN DCDPKIN-RXN
PWY-6562	4.1.1.86							R101-RXN ASPARTATEKIN-RXN ASPARTATE-SEMIALDEHYDE-DEHYDROGENASE-RXN RXN-11565 RXN-9380
PWY-6588	2.8.3.9							PYRUFLAVREDUCT-RXN ACETYL-COA-ACETYLTRANSFER-RXN ACETOACETYL-COA-TRANSFER-RXN ACETOACETATE-DECARBOXYLASE-RXN
PWY-6590								PHOSACETYLTRANS-RXN ACETATEKIN-RXN PYRUFLAVREDUCT-RXN ACETYL-COA-ACETYLTRANSFER-RXN RXN-11662 RXN-11667 BUTYRYL-COA-DEHYDROGENASE-RXN PHOSPHATE-BUTYRYLTRANSFERASE-RXN BUTYRATE-KINASE-RXN
PWY-6608								RXN-7609 RXN0-5199 GUANINE-DEAMINASE-RXN RXN0-901
PWY-6609								ADENPHOSPHOR-RXN ADENODEAMIN-RXN INOPHOSPHOR-RXN HYPOXANPRIBOSYLTRAN-RXN
PWY-6612								PABASYN-RXN ADCLY-RXN GTP-CYCLOHYDRO-I-RXN H2NEOPTERINP3PYROPHOSPHOHYDRO-RXN DIHYDRONEOPTERIN-MONO-P-DEPHOS-RXN H2NEOPTERINALDOL-RXN H2PTERIDINEPYROPHOSPHOKIN-RXN H2PTEROATESYNTH-RXN DIHYDROFOLATESYNTH-RXN DIHYDROFOLATEREDUCT-RXN
PWY-6628	2.5.1.19							DAHPSYN-RXN 3-DEHYDROQUINATE-SYNTHASE-RXN 3-DEHYDROQUINATE-DEHYDRATASE-RXN RXN-7968 SHIKIMATE-5-DEHYDROGENASE-RXN SHIKIMATE-KINASE-RXN CHORISMATE-SYNTHASE-RXN CHORISMATEMUT-RXN PREPHENATEDEHYDRAT-RXN PHEAMINOTRANS-RXN
PWY-6630	2.5.1.19							DAHPSYN-RXN 3-DEHYDROQUINATE-SYNTHASE-RXN 3-DEHYDROQUINATE-DEHYDRATASE-RXN RXN-7968 SHIKIMATE-5-DEHYDROGENASE-RXN SHIKIMATE-KINASE-RXN CHORISMATE-SYNTHASE-RXN CHORISMATEMUT-RXN PREPHENATEDEHYDROG-RXN TYROSINE-AMINOTRANSFERASE-RXN
PWY-6641	4.4.1.25							RXN-11737 RXN-11738 R231-RXN RXN-2364 PHOSACETYLTRANS-RXN
PWY-6700								RXN0-4022 RXN0-1321 RXN0-1342 RXN-12104
PWY-6703								GTP-CYCLOHYDRO-I-RXN RXN0-5507 RXN0-6575 RXN-12093
PWY-6708								4OHBENZOATE-OCTAPRENYLTRANSFER-RXN 3-OCTAPRENYL-4-OHBENZOATE-DECARBOX-RXN 2-OCTAPRENYLPHENOL-HYDROX-RXN 2-OCTAPRENYL-6-OHPHENOL-METHY-RXN 2-OCTAPRENYL-6-METHOXYPHENOL-HYDROX-RXN 2-OCTAPRENYL-METHOXY-BENZOQ-METH-RXN OCTAPRENYL-METHYL-METHOXY-BENZOQ-OH-RXN DHHB-METHYLTRANSFER-RXN
PWY-6731								RXN-12181 CYCLOMALTODEXTRINASE-RXN RXN-12171 PHOSPHOGLUCMUT-RXN GLUCOSE-6-PHOSPHATE-1-EPIMERASE-RXN
PWY-6737								RXN-12190 RXN-12193 ALDOSE-1-EPIMERASE-RXN RXN-12171 PHOSPHOGLUCMUT-RXN GLUCOSE-6-PHOSPHATE-1-EPIMERASE-RXN
PWY-6749	5.4.2.10							L-GLN-FRUCT-6-P-AMINOTRANS-RXN RXN-12231 RXN-12232 RXN-12233 RXN-12234 RXN-12235 RXN-12236 RXN-12238 RXN-12239
PWY-6876								PYRUFLAVREDUCT-RXN ACETYL-COA-ACETYLTRANSFER-RXN ACETOACETYL-COA-HYDROLASE-RXN ACETOACETATE-DECARBOXYLASE-RXN ISOPROPANOL-DEHYDROGENASE-NADP+-RXN
PWY-6891								DXS-RXN RXN0-308 RXN-9789 RXN-12621 RXN-12614 THIAZOLSYN2-RXN RXN-12609
PWY-6892								RXN0-308 RXN-14382 RXN-9789 RXN-9788 RXN-11319 DXS-RXN THIAZOLSYN2-RXN
PWY-6895								DXS-RXN RXN0-308 RXN-9789 RXN-12621 RXN-12614 THIAZOLSYN2-RXN RXN-12609 PYRIMSYN1-RXN PYRIMSYN3-RXN RXN-12610 THI-P-KIN-RXN
PWY-6897								OHMETPYRKIN-RXN PYRIMSYN3-RXN THIAZOLSYN3-RXN THI-P-SYN-RXN THI-P-KIN-RXN
PWY-6901								GLU6PDEHYDROG-RXN 6PGLUCONOLACT-RXN RXN-9952 6PGLUCONDEHYDROG-RXN RIBULP3EPIM-RXN RIB5PISOM-RXN 1TRANSKETO-RXN TRANSALDOL-RXN 2TRANSKETO-RXN XYLISOM-RXN XYLULOKIN-RXN GAPOXNPHOSPHN-RXN PHOSGLYPHOS-RXN 3PGAREARR-RXN 2PGADEHYDRAT-RXN PEPDEPHOS-RXN DLACTDEHYDROGNAD-RXN L-LACTATE-DEHYDROGENASE-RXN
PWY-6906								RXN-12629 GLUCOSAMINE-KINASE-RXN GLUCOSAMINE-6-P-DEAMIN-RXN PHOSACETYLGLUCOSAMINEMUT-RXN N-ACETYLGLUCOSAMINE-KINASE-RXN RXN-12627 NAG6PDEACET-RXN
PWY-6944	1.13.11.25							RXN-12714 RXN-12691 RXN-12715 RXN-12717 RXN-12718 RXN-12746 RXN-12747 RXN-12748 RXN-12749 RXN-12750 RXN-12751 RXN-12734 RXN-12735 RXN-12736
PWY-6948								RXN-12789 RXN-12790 RXN-12788 RXN-12787 RXN-12786 RXN-12785 RXN-12784 RXN-12782 RXN-12781 RXN-12780 RXN-12706 RXN-12707 RXN-12708 RXN-12709 RXN-12710 RXN-12743 RXN-12744 RXN-12745
PWY-6957	3.7.1.9	1.3.1.25						CATECHOL-12-DIOXYGENASE-RXN MUCONATE-CYCLOISOMERASE-RXN MUCONOLACTONE-DELTA-ISOMERASE-RXN 3-OXOADIPATE-ENOL-LACTONASE-RXN 3-OXOADIPATE-COA-TRANSFERASE-RXN RXN-3641 CATECHOL-23-DIOXYGENASE-RXN 2-OXOPENT-4-ENOATE-HYDRATASE-RXN MHPELY-RXN ACETALD-DEHYDROG-RXN MANDELATE-RACEMASE-RXN MANDELATE-DEHYDROGENASE-RXN BENZOYLFORMATE-DECARBOXYLASE-RXN BENZALDEHYDE-DEHYDROGENASE-NADP+-RXN BENZALDEHYDE-DEHYDROGENASE-NAD+-RXN BENZOATE-12-DIOXYGENASE-RXN
PWY-6969								RXN-14971 FUMHYDR-RXN MALATE-DEH-RXN CITSYN-RXN ACONITATEDEHYDR-RXN ACONITATEHYDR-RXN ISOCITDEH-RXN RXN-12912 2-OXOGLUTARATE-SYNTHASE-RXN SUCCCOASYN-RXN ISOCIT-CLEAV-RXN MALSYN-RXN
PWY-7003	2.8.3.9							GLYCDEH-RXN GLYCERONE-KINASE-RXN TRIOSEPISOMERIZATION-RXN GAPOXNPHOSPHN-RXN PHOSGLYPHOS-RXN 3PGAREARR-RXN 2PGADEHYDRAT-RXN PEPDEPHOS-RXN PYRUFLAVREDUCT-RXN ACETYL-COA-ACETYLTRANSFER-RXN BUTANAL-DEHYDROGENASE-RXN ENZRXN-201-RXN
PWY-7007								BUTYRATE--COA-LIGASE-RXN ACYL-COA-OXIDASE-RXN ENOYL-COA-HYDRAT-RXN OHACYL-COA-DEHYDROG-RXN RXN-13247 RXN-13248
PWY-7013								PROPANEDIOL-DEHYDRATASE-RXN RXN-13198 RXN-12736 PTAALT-RXN PROPKIN-RXN
PWY-7024								RXN-8961 RXN-8960 RXN-13230 RXN-8965 CITRAMALYL-COA-LYASE-RXN RXN-9087 PROPIONYL-COA-CARBOXY-RXN METHYLMALONYL-COA-EPIM-RXN METHYLMALONYL-COA-MUT-RXN RXN-8964 MALYL-COA-LYASE-RXN ACETYL-COA-CARBOXYLTRANSFER-RXN RXN-8963 RXN-8974 RXN-9086 RXN-6383
PWY-7046								4-COUMARATE--COA-LIGASE-RXN RXN-11244 RXN-13392 RXN-13394 4-HYDROXYBENZOATE--COA-LIGASE-RXN OHBENZCOARED-RXN
PWY-7090	1.1.1.136	5.1.3.23						RXN-13585 RXN-13596 RXN-13589
PWY-7094								RXN-13614 RXN-13615 RXN-13616 RXN-12490 RXN-13617 RXN-13613
PWY-7097	1.2.1.45	1.2.1.67						PROTOCATECHUATE-45-DIOXYGENASE-RXN R107-RXN RXN-2462 RXN-9983 RXN-2463 RXN-2464 OXALODECARB-RXN RXN-2
PWY-7098	1.2.1.45	1.2.1.67						PROTOCATECHUATE-45-DIOXYGENASE-RXN R107-RXN RXN-2462 RXN-9983 RXN-2463 RXN-2464 OXALODECARB-RXN RXN-10891
PWY-7111								ACETOLACTSYN-RXN ACETOLACTREDUCTOISOM-RXN DIHYDROXYISOVALDEHYDRAT-RXN RXN-7643 RXN-7657
PWY-7159								UROGENDECARBOX-RXN RXN0-1461 PROTOPORGENOXI-RXN RXN1F-20 RXN-MG-PROTOPORPHYRIN-METHYLESTER-SYN RXN-5282 RXN-5283 RXN-5284 RXN1F-72 RXN-11902
PWY-7184								UDPREDUCT-RXN DUDPKIN-RXN DUTP-PYROP-RXN THYMIDYLATESYN-RXN DTMPKI-RXN DTDPKIN-RXN RXN-12195 CDPREDUCT-RXN DCDPKIN-RXN
PWY-7187								DTMPKI-RXN DTDPKIN-RXN THYMIDYLATESYN-RXN RXN0-723 DCTP-DEAM-RXN RXN0-724 DUTP-PYROP-RXN
PWY-7196								CYTIKIN-RXN RXN-11832 CDPKIN-RXN URIDINEKIN-RXN CYTIDEAM2-RXN URIDINE-NUCLEOSIDASE-RXN URACIL-PRIBOSYLTRANS-RXN RXN-12002 UDPKIN-RXN CTPSYN-RXN
PWY-7197								DTMPKI-RXN DTDPKIN-RXN RXN-7913 DCDPKIN-RXN
PWY-7198	3.5.4.30							DTMPKI-RXN DTDPKIN-RXN RXN-12195 CDPREDUCT-RXN DCDPKIN-RXN THYMIDYLATESYN-RXN
PWY-7199								CYTIDEAM-RXN DEOXYCYTIDINE-KINASE-RXN DURIDKI-RXN THYMIDYLATESYN-RXN THYKI-RXN
PWY-7200								CYTIDEAM-RXN DEOXYCYTIDINE-KINASE-RXN DURIDKI-RXN DTMPKI-RXN DTDPKIN-RXN RXN-7913 DCDPKIN-RXN THYMIDYLATESYN-RXN THYKI-RXN
PWY-7208								URACIL-PRIBOSYLTRANS-RXN RXN-12002 UDPKIN-RXN CTPSYN-RXN
PWY-7210								DTMPKI-RXN DTDPKIN-RXN RXN-12195 CDPREDUCT-RXN RXN-14187 DCMP-DEAMINASE-RXN THYMIDYLATESYN-RXN DCDPKIN-RXN
PWY-7211								RXN-12002 UDPKIN-RXN CTPSYN-RXN CARBPSYN-RXN ASPCARBTRANS-RXN DIHYDROOROT-RXN DIHYDROOROTATE-DEHYDROGENASE-RXN OROPRIBTRANS-RXN OROTPDECARB-RXN UDPREDUCT-RXN DUDPKIN-RXN DUTP-PYROP-RXN THYMIDYLATESYN-RXN DTMPKI-RXN DTDPKIN-RXN RXN-12195 CDPREDUCT-RXN DCDPKIN-RXN
PWY-7219								ADENYLOSUCCINATE-SYNTHASE-RXN AMPSYN-RXN ADENYL-KIN-RXN ATPSYN-RXN
PWY-722	1.13.11.9							NICOTINATE-DEHYDROGENASE-RXN RXN-7573 RXN-11318 RXN-646 MALEATE-ISOMERASE-RXN
PWY-7220								RXN0-747 ADPREDUCT-RXN DADPKIN-RXN RXN0-745
PWY-7221								GMP-SYN-GLUT-RXN GUANYL-KIN-RXN GDPKIN-RXN IMP-DEHYDROG-RXN
PWY-7222								GDPREDUCT-RXN RXN0-748 DGDPKIN-RXN RXN0-746
PWY-7228								GMP-SYN-GLUT-RXN GUANYL-KIN-RXN GDPKIN-RXN IMP-DEHYDROG-RXN GDPREDUCT-RXN DGDPKIN-RXN
PWY-7229								RXN0-745 ADENYLOSUCCINATE-SYNTHASE-RXN AMPSYN-RXN ADENYL-KIN-RXN ATPSYN-RXN RXN0-747 ADPREDUCT-RXN DADPKIN-RXN
PWY-7234								SAICARSYN-RXN AICARSYN-RXN RXN-10066 IMPCYCLOHYDROLASE-RXN RXN0-742 RXN0-743
PWY-7237	4.1.2.29							RXN-13779 MYO-INOSITOL-2-DEHYDROGENASE-RXN MYO-INOSOSE-2-DEHYDRATASE-RXN RXN-14149 RXN-14150 5-DEHYDRO-2-DEOXYGLUCONOKINASE-RXN RXN-2902 RXN-14148 RXN-14178
PWY-7242								MANNONOXIDOREDUCT-RXN MANNONDEHYDRAT-RXN DEOXYGLUCONOKIN-RXN KDPGALDOL-RXN
PWY-7254								RXN-14971 FUMHYDR-RXN MALATE-DEHYDROGENASE-ACCEPTOR-RXN CITSYN-RXN ACONITATEDEHYDR-RXN ACONITATEHYDR-RXN ISOCITDEH-RXN 2OXOGLUTARATEDEH-RXN RXN-8807
PWY-7255								GLUTCYSLIG-RXN RXN-14431 RXN-14430 RXN-14429 RXN-14428 RXN-15804
PWY-7295	4.1.2.18							RXN-14809 RXN-8774 L-ARABINONOLACTONASE-RXN L-ARABINONATE-DEHYDRATASE-RXN RXN-14642 GLYCOLATE-REDUCTASE-RXN MALSYN-RXN
PWY-7315								DTDPGLUCOSEPP-RXN DTDPGLUCDEHYDRAT-RXN RFFTRANS-RXN TDPFUCACTRANS-RXN
PWY-7323	2.7.7.13							PGLUCISOM-RXN MANNPISOM-RXN PHOSMANMUT-RXN GDPMANDEHYDRA-RXN RXN-8953
PWY-7328								GLUCOSE-6-PHOSPHATE-1-EPIMERASE-RXN PHOSPHOGLUCMUT-RXN GLUC1PURIDYLTRANS-RXN UGD-RXN UDPGLUCEPIM-RXN GALPMUT-RXN UDP-GLUCURONATE-4-EPIMERASE-RXN
PWY-7332	5.4.2.10	2.3.1.157	1.1.1.136	5.1.3.23				PGLUCISOM-RXN L-GLN-FRUCT-6-P-AMINOTRANS-RXN NAG1P-URIDYLTRANS-RXN UDPGLCNACEPIM-RXN UDPMANNACADEHYDROG-RXN UDP-N-ACETYLGLUCOSAMINE-4-EPIMERASE-RXN RXN-13252 RXN-14767 RXN-16259 RXN-9998 RXN-14759 RXN-14763 RXN-14764 RXN-14783 RXN-14761 RXN-14782
PWY-7347								PGLUCISOM-RXN GLUCOSE-6-PHOSPHATE-1-EPIMERASE-RXN PHOSPHOGLUCMUT-RXN GLUC1PURIDYLTRANS-RXN SUCROSE-PHOSPHATE-SYNTHASE-RXN SUCROSE-PHOSPHATASE-RXN
PWY-7371								RXN-12345 RXN-15264 RXN-12346 RXN-10620 RXN-10622
PWY-7374								RXN-12345 RXN-15264 RXN-14910 RXN-9780 RXN-10620 RXN-10622
PWY-7376	2.1.1.130	2.1.1.131	2.1.1.133	1.3.1.54	5.4.1.2			COBALAMIN5PSYN-RXN RXN-8770 RXN-8771 DMBPPRIBOSYLTRANS-RXN RIBAZOLEPHOSPHAT-RXN R343-RXN R344-RXN R345-RXN RXN-6261 COBINPGUANYLYLTRANS-RXN COBALAMINSYN-RXN UROPORIIIMETHYLTRANSA-RXN RXN-8675 R321-RXN R322-RXN RXN-13824 RXN-13826 R341-RXN R342-RXN
PWY-7377	4.99.1.3	2.1.1.151						UROPORIIIMETHYLTRANSA-RXN RXN-8675 DIMETHUROPORDEHYDROG-RXN RXN-14315 RXN-8761 RXN-8762 RXN-8763 RXN-8764 RXN-8765 RXN-8766 RXN-8767 RXN-8768 RXN-8769 DMBPPRIBOSYLTRANS-RXN R343-RXN R344-RXN R345-RXN RXN-6261 COBINPGUANYLYLTRANS-RXN COBALAMIN5PSYN-RXN RXN-8770
PWY-7391	1.1.1.34	4.2.3.27						ACETYL-COA-ACETYLTRANSFER-RXN HYDROXYMETHYLGLUTARYL-COA-SYNTHASE-RXN MEVALONATE-KINASE-RXN PHOSPHOMEVALONATE-KINASE-RXN DIPHOSPHOMEVALONTE-DECARBOXYLASE-RXN IPPISOM-RXN
PWY-7392	4.2.3.17	2.7.7.60	2.7.1.148					FARNESYLTRANSTRANSFERASE-RXN DXS-RXN DXPREDISOM-RXN RXN0-302 RXN-15878 ISPH2-RXN RXN0-884 IPPISOM-RXN GPPSYN-RXN FPPSYN-RXN
PWY-7400								CARBPSYN-RXN RXN-15003 RXN-15005 RXN-15006 RXN-15007 RXN-15004 N-ACETYLTRANSFER-RXN ACETYLGLUTKIN-RXN N-ACETYLGLUTPREDUCT-RXN ACETYLORNTRANSAM-RXN ACETYLORNDEACET-RXN ORNCARBAMTRANSFER-RXN ARGSUCCINSYN-RXN ARGSUCCINLYA-RXN
PWY-7431	1.2.1.53							SYNEPHRINE-DEHYDRATASE-RXN RXN-15198 OCTOPAMINE-DEHYDRATASE-RXN RXN-5821 RXN-8505 RXN6666-4 RXN6666-5
PWY-7446								RXN-15296 RXN-15297 RXN-15298 RXN-15299
PWY-7456	3.2.1.78	3.2.1.100						RXN-15202 RXN-15344 RXN-12977 PHOSMANMUT-RXN MANNPISOM-RXN
PWY-7527	5.3.1.23							R145-RXN R82-RXN R83-RXN R147-RXN RXN-15650 RXN-13072 S-ADENMETSYN-RXN SAMDECARB-RXN SPERMIDINESYN-RXN 5-METHYLTHIOADENOSINE-PHOSPHORYLASE-RXN
PWY-7539								GTP-CYCLOHYDRO-II-RXN RXN-15730 DIHYDRONEOPTERIN-MONO-P-DEPHOS-RXN H2NEOPTERINALDOL-RXN H2PTERIDINEPYROPHOSPHOKIN-RXN
PWY-7560	2.7.7.60	2.7.1.148						DXS-RXN DXPREDISOM-RXN RXN0-302 RXN0-882 RXN0-884 ISPH2-RXN IPPISOM-RXN
PWY-7616	1.2.1.66							METHANOL-DEHYDROGENASE-RXN FORMALDEHYDE-DEHYDROGENASE-RXN RXN-6581 RXN1G-129 RXN0-3281
PWY-7663								RXN-16629 RXN-16630 RXN-16631 RXN-16632
PWY-7664								RXN-9533 RXN-16614 RXN-16615 RXN-16616 RXN-16619 RXN-16620 RXN-16621 RXN-16622 RXN-16623 RXN-16624 RXN-16625 RXN-16626 RXN-16627 RXN-16628
PWY-841								GMP-SYN-GLUT-RXN GUANYL-KIN-RXN GDPKIN-RXN GDPREDUCT-RXN DGDPKIN-RXN AIRCARBOXY-RXN SAICARSYN-RXN AICARSYN-RXN AICARTRANSFORM-RXN IMPCYCLOHYDROLASE-RXN IMP-DEHYDROG-RXN ADENYLOSUCCINATE-SYNTHASE-RXN AMPSYN-RXN ADENYL-KIN-RXN ATPSYN-RXN ADPREDUCT-RXN DADPKIN-RXN PRPPAMIDOTRANS-RXN GLYRIBONUCSYN-RXN GART-RXN FGAMSYN-RXN AIRS-RXN
PWY-922	1.1.1.34							ACETYL-COA-ACETYLTRANSFER-RXN HYDROXYMETHYLGLUTARYL-COA-SYNTHASE-RXN MEVALONATE-KINASE-RXN PHOSPHOMEVALONATE-KINASE-RXN DIPHOSPHOMEVALONTE-DECARBOXYLASE-RXN IPPISOM-RXN
PWY0-1061								RXN-12588 RXN0-308 ALANINE-AMINOTRANSFERASE-RXN BRANCHED-CHAINAMINOTRANSFERVAL-RXN VALINE-PYRUVATE-AMINOTRANSFER-RXN ALARACECAT-RXN
PWY0-1241	5.1.3.20							RXN0-4301 RXN0-4341 RXN0-4361 RXN0-4342
PWY0-1261	5.4.2.10	2.3.1.157						RXN0-5225 RXN0-5227 RXN0-2361 RXN0-5226 RXN0-4621 RXN0-4641 NAG6PDEACET-RXN NAG1P-URIDYLTRANS-RXN
PWY0-1296								D-PPENTOMUT-RXN PPENTOMUT-RXN ADENPHOSPHOR-RXN INOPHOSPHOR-RXN XANTHOSINEPHOSPHORY-RXN RXN0-5199 ADENODEAMIN-RXN
PWY0-1297								ADDALT-RXN DEOXYINOPHOSPHOR-RXN DEOXYGUANPHOSPHOR-RXN DEOXYADENPHOSPHOR-RXN D-PPENTOMUT-RXN DEOXYRIBOSE-P-ALD-RXN ACETALD-DEHYDROG-RXN
PWY0-1298								THYM-PHOSPH-RXN CYTIDEAM-RXN URA-PHOSPH-RXN D-PPENTOMUT-RXN DEOXYRIBOSE-P-ALD-RXN ACETALD-DEHYDROG-RXN
PWY0-1319								GLYC3PDEHYDROGBIOSYN-RXN RXN-10462 1-ACYLGLYCEROL-3-P-ACYLTRANSFER-RXN CDPDIGLYSYN-RXN
PWY0-1415								RXN0-1461 PROTOPORGENOXI-RXN UROGENDECARBOX-RXN HEMN-RXN RXN0-6259 PROTOHEMEFERROCHELAT-RXN
PWY0-1479	3.1.26.5							RXN0-6485 RXN0-6478 RXN0-4222 RXN0-6479 RXN0-6483 RXN0-6481 RXN0-6482 RXN0-6484 RXN0-6480
PWY0-1533								RXN0-6732 RXN0-6733 RXN0-6734 RXN0-6710
PWY0-1586								RXN-16650 RXN-16685 RXN-16659 RXN-16689 RXN-16649 RXN-16687 RXN-16665 RXN-16691 RXN-16664 RXN-16688 RXN-16660 RXN-16690
PWY0-162								CARBPSYN-RXN ASPCARBTRANS-RXN DIHYDROOROT-RXN DIHYDROOROTATE-DEHYDROGENASE-RXN OROPRIBTRANS-RXN OROTPDECARB-RXN RXN-12002 UDPKIN-RXN CTPSYN-RXN
PWY0-166								DTMPKI-RXN DTDPKIN-RXN THYMIDYLATESYN-RXN DUTP-PYROP-RXN RXN-12195 RIBONUCLEOSIDE-DIP-REDUCTII-RXN CDPREDUCT-RXN DCDPKIN-RXN RXN0-723 DCTP-DEAM-RXN RXN0-722 UDPREDUCT-RXN DUDPKIN-RXN RXN0-724
PWY0-321								RXN-10819 RXN0-2042 RXN0-6510 RXNMETA-12671 RXNMETA-12672 RXN0-6512 RXN0-6513 RXN0-2044 RXN-3641
PWY0-41								ALLANTOINASE-RXN ALLANTOATE-DEIMINASE-RXN URUR-RXN CARBAMATE-KINASE-RXN OXAMATE-CARBAMOYLTRANSFERASE-RXN R165-RXN RXN0-7024
PWY0-42	4.2.1.99							PROPIONATE--COA-LIGASE-RXN 2-METHYLCITRATE-SYNTHASE-RXN 2-METHYLCITRATE-DEHYDRATASE-RXN METHYLISOCITRATE-LYASE-RXN
PWY0-781								DIHYDRODIPICSYN-RXN RXN-14014 TETHYDPICSUCC-RXN SUCCINYLDIAMINOPIMTRANS-RXN SUCCDIAMINOPIMDESUCC-RXN DIAMINOPIMEPIM-RXN DIAMINOPIMDECARB-RXN ASPAMINOTRANS-RXN ASPARTATE-SEMIALDEHYDE-DEHYDROGENASE-RXN HOMOSERDEHYDROG-RXN HOMOSERKIN-RXN THRESYN-RXN HOMSUCTRAN-RXN O-SUCCHOMOSERLYASE-RXN RXN-15131 HOMOCYSMETB12-RXN HOMOCYSMET-RXN S-ADENMETSYN-RXN L-ASPARTATE-OXID-RXN QUINOLINATE-SYNTHA-RXN QUINOPRIBOTRANS-RXN NICONUCADENYLYLTRAN-RXN NAD-SYNTH-GLN-RXN NAD-SYNTH-NH3-RXN ASPARTATEKIN-RXN
PWY0-845	1.1.1.262							ERYTH4PDEHYDROG-RXN ERYTHRON4PDEHYDROG-RXN PSERTRANSAMPYR-RXN RXN-8447 DXS-RXN PDXJ-RXN PYRIDOXKIN-RXN PYRAMKIN-RXN PMPOXI-RXN PNKIN-RXN PNPOXI-RXN
PWY0-862	5.3.3.14							RXN-9655 RXN0-2141 RXN0-2142 RXN0-2144 RXN0-2145
PWY1G-0								MYO-INOSITOL-1-PHOSPHATE-SYNTHASE-RXN RXN-6501 RXN-11015 RXN1G-2 RXN1G-121 RXN1G-4
PWY490-3	1.7.7.2							FERREDOXIN--NITRITE-REDUCTASE-RXN GLUTDEHYD-RXN GLUTAMINESYN-RXN
PWY4FS-7								GLYC3PDEHYDROGBIOSYN-RXN RXN-10462 1-ACYLGLYCEROL-3-P-ACYLTRANSFER-RXN CDPDIGLYSYN-RXN PHOSPHAGLYPSYN-RXN PGPPHOSPHA-RXN
PWY4FS-8								CDPDIGLYSYN-RXN GLYC3PDEHYDROGBIOSYN-RXN RXN-1381 RXN-1623 PHOSPHAGLYPSYN-RXN PGPPHOSPHA-RXN
PWYG-321								RXN1G-368 RXN1G-349 RXN1G-320 RXN1G-395 RXN1G-445 RXN1G-469 RXN1G-363 RXN1G-30 RXN1G-26 RXN1G-72 RXN1G-27 RXN1G-171 RXN1G-306 RXN1G-364 RXN1G-420 RXN1G-37 RXN1G-218 RXN1G-240 RXN1G-266 RXN1G-285 RXN1G-138 RXN1G-163 RXN1G-188 RXN1G-210 RXN1G-236 RXN1G-260 RXN1G-279 RXN1G-299 RXN1G-324 RXN1G-358 RXN1G-377 RXN1G-674 RXN1G-202 RXN1G-408 RXN1G-464 RXN1G-193 RXN1G-89 RXN1G-262 RXN1G-308 RXN1G-339 RXN1G-172 RXN1G-252 RXN1G-309 RXN1G-509 RXN1G-580 RXN1G-637 RXN1G-127 RXN1G-196 RXN1G-32 RXN1G-203 RXN1G-294 RXN1G-337 RXN1G-424 RXN1G-481 RXN1G-554 RXN1G-607 RXN1G-660 RXN1G-717 RXN1G-760 RXN1G-820 RXN1G-883 RXN1G-951 RXN1G-1004 RXN1G-1057 RXN1G-45 RXN1G-3993 RXN1G-181 RXN1G-1486 RXN1G-288 RXN1G-807 RXN1G-1435 RXN1G-137 RXN1G-1633 RXN1G-874 RXN1G-396 RXN1G-840 RXN1G-881 RXN1G-912 RXN1G-962 RXN1G-1003 RXN1G-1053 RXN1G-1084 RXN1G-1130 RXN1G-132 RXN1G-287 RXN1G-355 RXN1G-53 RXN1G-79 RXN1G-182 RXN1G-214 RXN1G-248 RXN1G-334 RXN1G-384 RXN1G-425 RXN1G-468 RXN1G-557 RXN1G-613 RXN1G-645 RXN1G-686 RXN1G-818 RXN1G-853 RXN1G-884 RXN1G-915 RXN1G-1015 RXN1G-1050 RXN1G-1081 RXN1G-1117 RXN1G-1212 RXN1G-1247 RXN1G-1278 RXN1G-1325 RXN1G-94 RXN1G-184 RXN1G-220 RXN1G-276 RXN1G-374 RXN1G-409 RXN1G-440 RXN1G-471 RXN1G-2527 RXN-15340 RXN1G-2544 RXN1G-4140 RXN1G-98 RXN1G-1527 RXN1G-289 RXN1G-808 RXN1G-1436 RXN1G-470 RXN1G-1634 RXN1G-1149 RXN1G-3232 RXN-15342 RXN1G-3256 RXN1G-4141 RXN1G-295 RXN1G-1528 RXN1G-290 RXN1G-809 RXN1G-1437 RXN1G-472 RXN1G-1635 RXN1G-1150 RXN1G-582 RXN1G-617 RXN1G-648 RXN1G-679 RXN1G-3613 RXN-15338 RXN1G-3641 RXN1G-4142 RXN1G-296 RXN1G-1529 RXN1G-291 RXN1G-810 RXN1G-1438 RXN1G-473 RXN1G-1636 RXN1G-1151 RXN1G-3660 RXN-15339 RXN1G-3667 RXN1G-4143 RXN1G-297 RXN1G-1530 RXN1G-292 RXN1G-811 RXN1G-1439 RXN1G-474 RXN1G-1637 RXN1G-1152 RXN1G-488 RXN1G-499 RXN1G-508 RXN1G-517 RXN1G-526 RXN-10059 RXN-10060 RXN-10061 RXN-10062 RXN1G-536 RXN1G-4355
PYRIDNUCSAL-PWY								NADPYROPHOSPHAT-RXN NMNAMIDOHYDRO-RXN NMNNUCLEOSID-RXN NICOTINAMID-RXN NICOTINATEPRIBOSYLTRANS-RXN NICONUCADENYLYLTRAN-RXN NAD-SYNTH-GLN-RXN
PYRIDNUCSYN-PWY								L-ASPARTATE-OXID-RXN QUINOLINATE-SYNTHA-RXN QUINOPRIBOTRANS-RXN NICONUCADENYLYLTRAN-RXN NAD-SYNTH-GLN-RXN NAD-SYNTH-NH3-RXN
PYRIDOXSYN-PWY	1.1.1.262							ERYTH4PDEHYDROG-RXN ERYTHRON4PDEHYDROG-RXN PSERTRANSAMPYR-RXN RXN-8447 DXS-RXN PDXJ-RXN PNPOXI-RXN
REDCITCYC								ACONITATEHYDR-RXN ISOCITDEH-RXN 2-OXOGLUTARATE-SYNTHASE-RXN RXNI-2 R601-RXN FUMHYDR-RXN RXNI-3 CITSYN-RXN ACONITATEDEHYDR-RXN
RHAMCAT-PWY								RXN0-5306 RHAMNISOM-RXN RXN-15356 RHAMNULOKIN-RXN RHAMNULPALDOL-RXN
RIBOSYN2-PWY								GTP-CYCLOHYDRO-II-RXN RIBOFLAVINSYNDEAM-RXN RIBOFLAVINSYNREDUC-RXN RIBOPHOSPHAT-RXN DIOHBUTANONEPSYN-RXN LUMAZINESYN-RXN RIBOFLAVIN-SYN-RXN RIBOFLAVINKIN-RXN FADSYN-RXN
RUMP-PWY								GLU6PDEHYDROG-RXN 6PGLUCONOLACT-RXN RXN-3341 R10-RXN R12-RXN PGLUCISOM-RXN
SALVADEHYPOX-PWY								AMP-DEPHOSPHORYLATION-RXN ADENODEAMIN-RXN INOPHOSPHOR-RXN RXN-7682 RXN0-901
SER-GLYSYN-PWY								PGLYCDEHYDROG-RXN PSERTRANSAM-RXN RXN0-5114 GLYOHMETRANS-RXN
SO4ASSIM-PWY	1.8.4.8							SULFATE-ADENYLYLTRANS-RXN ADENYLYLSULFKIN-RXN SULFITE-REDUCT-RXN
SUCSYN-PWY								SUCROSE-PHOSPHATE-SYNTHASE-RXN SUCROSE-PHOSPHATASE-RXN PHOSGLYPHOS-RXN GAPOXNPHOSPHN-RXN F16ALDOLASE-RXN F16BDEPHOS-RXN PGLUCISOM-RXN GLUCOSE-6-PHOSPHATE-1-EPIMERASE-RXN PHOSPHOGLUCMUT-RXN GLUC1PURIDYLTRANS-RXN
SULFATE-CYS-PWY	1.8.4.8							PGLYCDEHYDROG-RXN PSERTRANSAM-RXN RXN0-5114 SULFATE-ADENYLYLTRANS-RXN ADENYLYLSULFKIN-RXN SULFITE-REDUCT-RXN SERINE-O-ACETTRAN-RXN ACSERLY-RXN
TCA								FUMHYDR-RXN MALATE-DEH-RXN MALATE-DEHYDROGENASE-ACCEPTOR-RXN CITSYN-RXN ACONITATEDEHYDR-RXN ACONITATEHYDR-RXN ISOCITDEH-RXN 2OXOGLUTARATEDEH-RXN SUCCCOASYN-RXN SUCCINATE-DEHYDROGENASE-UBIQUINONE-RXN
TCA-GLYOX-BYPASS								FUMHYDR-RXN MALATE-DEHYDROGENASE-ACCEPTOR-RXN ISOCITDEH-RXN 2OXOGLUTARATEDEH-RXN SUCCCOASYN-RXN SUCCINATE-DEHYDROGENASE-UBIQUINONE-RXN CITSYN-RXN ACONITATEDEHYDR-RXN ACONITATEHYDR-RXN ISOCIT-CLEAV-RXN MALSYN-RXN MALATE-DEH-RXN
TEICHOICACID-PWY	2.7.7.39							GLCNACPTRANS-RXN UDPGLCNACEPIM-RXN TEICHOICSYN2-RXN TEICHOICSYN3-RXN TEICHOICSYN4-RXN TEICHOICSYN5-RXN TEICHOICSYN8-RXN
THISYN-PWY								RXN0-308 RXN-14382 RXN-9789 RXN-9788 RXN-11319 DXS-RXN THIAZOLSYN2-RXN PYRIMSYN1-RXN PYRIMSYN3-RXN RXN-12611 THI-P-KIN-RXN
THRESYN-PWY								ASPAMINOTRANS-RXN ASPARTATEKIN-RXN ASPARTATE-SEMIALDEHYDE-DEHYDROGENASE-RXN HOMOSERDEHYDROG-RXN HOMOSERKIN-RXN THRESYN-RXN
TRNA-CHARGING-PWY								TRYPTOPHAN--TRNA-LIGASE-RXN ARGININE--TRNA-LIGASE-RXN THREONINE--TRNA-LIGASE-RXN ALANINE--TRNA-LIGASE-RXN ASPARAGINE--TRNA-LIGASE-RXN METHIONINE--TRNA-LIGASE-RXN CYSTEINE--TRNA-LIGASE-RXN ISOLEUCINE--TRNA-LIGASE-RXN VALINE--TRNA-LIGASE-RXN ASPARTATE--TRNA-LIGASE-RXN HISTIDINE--TRNA-LIGASE-RXN TYROSINE--TRNA-LIGASE-RXN SERINE--TRNA-LIGASE-RXN LEUCINE--TRNA-LIGASE-RXN LYSINE--TRNA-LIGASE-RXN GLYCINE--TRNA-LIGASE-RXN PHENYLALANINE--TRNA-LIGASE-RXN GLURS-RXN RXN-16165 PROLINE--TRNA-LIGASE-RXN GLUTAMINE--TRNA-LIGASE-RXN
TRPSYN-PWY								ANTHRANSYN-RXN PRTRANS-RXN PRAISOM-RXN IGPSYN-RXN RXN0-2381 RXN0-2382
TYRFUMCAT-PWY								TYROSINE-AMINOTRANSFERASE-RXN 4-HYDROXYPHENYLPYRUVATE-DIOXYGENASE-RXN HOMOGENTISATE-12-DIOXYGENASE-RXN MALEYLACETOACETATE-ISOMERASE-RXN FUMARYLACETOACETASE-RXN
UBISYN-PWY								RXN-8992 CHORPYRLY-RXN 4OHBENZOATE-OCTAPRENYLTRANSFER-RXN 3-OCTAPRENYL-4-OHBENZOATE-DECARBOX-RXN 2-OCTAPRENYLPHENOL-HYDROX-RXN 2-OCTAPRENYL-6-OHPHENOL-METHY-RXN 2-OCTAPRENYL-6-METHOXYPHENOL-HYDROX-RXN 2-OCTAPRENYL-METHOXY-BENZOQ-METH-RXN OCTAPRENYL-METHYL-METHOXY-BENZOQ-OH-RXN DHHB-METHYLTRANSFER-RXN
UDPNAGSYN-PWY	5.4.2.10	2.3.1.157						PGLUCISOM-RXN L-GLN-FRUCT-6-P-AMINOTRANS-RXN NAG1P-URIDYLTRANS-RXN
VALSYN-PWY								ACETOLACTSYN-RXN ACETOLACTREDUCTOISOM-RXN DIHYDROXYISOVALDEHYDRAT-RXN BRANCHED-CHAINAMINOTRANSFERVAL-RXN
